-- phpMyAdmin SQL Dump
-- version 4.7.7
-- https://www.phpmyadmin.net/
--
-- Host: localhost
-- Waktu pembuatan: 01 Agu 2018 pada 04.14
-- Versi server: 5.6.38
-- Versi PHP: 7.2.1

SET SQL_MODE = "NO_AUTO_VALUE_ON_ZERO";
SET time_zone = "+00:00";

--
-- Database: `QbAbsen`
--

-- --------------------------------------------------------

--
-- Struktur dari tabel `hs_hr_employee`
--

CREATE TABLE `hs_hr_employee` (
  `emp_number` int(7) NOT NULL DEFAULT '0',
  `employee_id` varchar(50) DEFAULT NULL,
  `emp_lastname` varchar(100) NOT NULL DEFAULT '',
  `emp_firstname` varchar(100) NOT NULL DEFAULT '',
  `emp_middle_name` varchar(100) NOT NULL DEFAULT '',
  `emp_nick_name` varchar(100) DEFAULT '',
  `emp_smoker` smallint(6) DEFAULT '0',
  `ethnic_race_code` varchar(13) DEFAULT NULL,
  `emp_birthday` date DEFAULT NULL,
  `nation_code` int(4) DEFAULT NULL,
  `emp_gender` smallint(6) DEFAULT NULL,
  `emp_marital_status` varchar(20) DEFAULT NULL,
  `emp_ssn_num` varchar(100) CHARACTER SET latin1 DEFAULT '',
  `emp_sin_num` varchar(100) DEFAULT '',
  `emp_other_id` varchar(100) DEFAULT '',
  `emp_dri_lice_num` varchar(100) DEFAULT '',
  `emp_dri_lice_exp_date` date DEFAULT NULL,
  `emp_military_service` varchar(100) DEFAULT '',
  `emp_status` int(13) DEFAULT NULL,
  `job_title_code` int(7) DEFAULT NULL,
  `eeo_cat_code` int(11) DEFAULT NULL,
  `work_station` int(6) DEFAULT NULL,
  `emp_street1` varchar(100) DEFAULT '',
  `emp_street2` varchar(100) DEFAULT '',
  `city_code` varchar(100) DEFAULT '',
  `coun_code` varchar(100) DEFAULT '',
  `provin_code` varchar(100) DEFAULT '',
  `emp_zipcode` varchar(20) DEFAULT NULL,
  `emp_hm_telephone` varchar(50) DEFAULT NULL,
  `emp_mobile` varchar(50) DEFAULT NULL,
  `emp_work_telephone` varchar(50) DEFAULT NULL,
  `emp_work_email` varchar(50) DEFAULT NULL,
  `sal_grd_code` varchar(13) DEFAULT NULL,
  `joined_date` date DEFAULT NULL,
  `emp_oth_email` varchar(50) DEFAULT NULL,
  `termination_id` int(4) DEFAULT NULL,
  `custom1` varchar(250) DEFAULT NULL,
  `custom2` varchar(250) DEFAULT NULL,
  `custom3` varchar(250) DEFAULT NULL,
  `custom4` varchar(250) DEFAULT NULL,
  `custom5` varchar(250) DEFAULT NULL,
  `custom6` varchar(250) DEFAULT NULL,
  `custom7` varchar(250) DEFAULT NULL,
  `custom8` varchar(250) DEFAULT NULL,
  `custom9` varchar(250) DEFAULT NULL,
  `custom10` varchar(250) DEFAULT NULL
) ENGINE=InnoDB DEFAULT CHARSET=utf8;

--
-- Dumping data untuk tabel `hs_hr_employee`
--

INSERT INTO `hs_hr_employee` (`emp_number`, `employee_id`, `emp_lastname`, `emp_firstname`, `emp_middle_name`, `emp_nick_name`, `emp_smoker`, `ethnic_race_code`, `emp_birthday`, `nation_code`, `emp_gender`, `emp_marital_status`, `emp_ssn_num`, `emp_sin_num`, `emp_other_id`, `emp_dri_lice_num`, `emp_dri_lice_exp_date`, `emp_military_service`, `emp_status`, `job_title_code`, `eeo_cat_code`, `work_station`, `emp_street1`, `emp_street2`, `city_code`, `coun_code`, `provin_code`, `emp_zipcode`, `emp_hm_telephone`, `emp_mobile`, `emp_work_telephone`, `emp_work_email`, `sal_grd_code`, `joined_date`, `emp_oth_email`, `termination_id`, `custom1`, `custom2`, `custom3`, `custom4`, `custom5`, `custom6`, `custom7`, `custom8`, `custom9`, `custom10`) VALUES
(1, '0001', 'Nugroho', 'Galih', '', '', 0, NULL, '1973-06-25', 83, 1, 'Single', '', '', '', '', NULL, '', 3, 1, 15, 7, 'Jl. Jongjolong No. 50, Bandung 40262', 'Jl. Cipaku I No. 22, Kebayoran Baru, Jakarta Selatan 12180', 'Jakarta Selatan', 'ID', 'DKI Jakarta', '12180', '', '0818491981', '0217972204', 'nuralfiyah2171@yahoo.com', NULL, '2017-05-01', 'galihnurgoho@gmail.com', NULL, '58.112.841.0-424.000', '1320014899240', 'Bank Mandiri', 'JHK.566/8/12/QB-2015', 'Galih Nugroho', '', NULL, NULL, NULL, NULL),
(2, '0002', 'Kurnati', 'Astri', '', '', 0, NULL, '1960-08-02', 83, 2, 'Married', '', '', '', '', NULL, '', 3, 12, 11, 7, 'Jl. Kalibata Pulo I RT 007 RW 005, Kalibata, Pancoran', '', 'Jakarta Selatan', 'ID', 'DKI Jakarta', '12740', '', '+62 811-8808-687', '0217972204', 'nuralfiii.na@gmail.com', NULL, '2016-07-01', 'astri.kurnati@gmail.com', NULL, '07.166.852.9-061.000', '1200006024645', 'Bank Mandiri', 'JHK.566/6/17/QB-2015', 'Astri Kurnati', '', NULL, NULL, NULL, NULL),
(3, '0003', 'Nana', 'Fransiska', '', '', 0, NULL, '1980-03-27', 83, 2, 'Single', '', '', '', '', NULL, '', 3, 2, 11, 7, 'Perumahan Cimanggis Green Residence II No. F9, Jl. Raya Perkapuran', '', 'Sukatani, Depok', 'ID', 'Jawa Barat', '16954', '', '081586187630', '0217972204', 'anggrashella13@gmail.com', NULL, '2008-10-01', 'lina.lathifa@gmail.com', NULL, '08.687.783.4-646.000', '1200009909594', 'Bank Mandiri', 'JHK.566/1/9/QB-2015', 'Fransiska Elvina', '', NULL, NULL, NULL, NULL),
(4, '0004', 'Omar', 'Andrianto', '', '', 0, NULL, '1994-05-30', 83, 1, 'Married', '', '', '', '', NULL, '', 3, 3, 11, 7, 'Jln.Ramin 5 No.212, Baktijaya, Sukmajaya', '', 'Depok', 'ID', 'JB', '16418', '+6285778789851', '+6285778789851', '0217972204', 'nita.safrianita@gmail.com', NULL, '2012-05-25', 'andre.omar@gmail.com', NULL, '16.983.175.7-412.000', '1200009912184', 'Bank Mandiri', 'JHK.566/1/15/QB-2015', 'Andre Setiawan Omarhadi', '', NULL, NULL, NULL, NULL),
(5, '0005', 'Halim', 'Novita', '', '', 0, NULL, '1974-07-22', 83, 2, 'Single', '', '', '', '', NULL, '', 3, 10, 17, NULL, 'Jl. Buncit Persada No. 1', '', 'Jakarta Selatan', 'ID', 'DKI Jakarta', '12740', '', '', '0217972204', 'titinerik@gmail.com', NULL, '2010-02-01', 'titinerik@gmail.com', NULL, '71.342.081.8-311.000', '1200006033265', 'Bank Mandiri', 'JHK.566/8/10/QB-2015', 'Noviana Halim', '', NULL, NULL, NULL, NULL),
(6, '0006', 'Permana', 'Andrie', '', '', 0, NULL, '1972-06-21', 83, 1, 'Married', '', '', '', '', NULL, '', 3, 11, 17, 20, 'Jl. Buncit Persada No. 1', '', 'Jakarta Selatan', 'ID', 'DKI Jakarta', '12740', '', '081384167935', '0217972204', 'mdaminto@gmail.com', NULL, '2009-11-01', 'mdaminto@gmail.com', NULL, '71.946.959.5-019.000', '1250011871456', 'Bank Mandiri', 'JHK.566/5/3/QB-2014', 'Andrie', '', NULL, NULL, NULL, NULL),
(7, '0007', 'Yuliana', 'Siska', '', '', 0, NULL, '1990-09-17', 83, 2, 'Single', '', '', '', '', NULL, '', 3, 13, 15, 7, 'Jl. H. Samali Ujung No. 10 RT. 006 RW. 009 Kel. Kalibata Kec. Pancoran', '', 'Jakarta Selatan', 'ID', 'DKI Jakarta', '12740', '', '+62 812-9113-9969', '0217972204', 'thikaatikah@gmail.com', NULL, '2011-11-14', 'siska90@gmail.com', NULL, '66.127.236.9-061.000', '1320014899240', 'Bank Mandiri', 'JHK.566/1/8/QB-2015', 'Siska', '', NULL, NULL, NULL, NULL),
(8, '0008', 'Puspita', 'Karen', '', '', 0, NULL, '1994-09-20', 83, 2, 'Single', '', '', '', '', NULL, '', 3, 6, 10, 2, 'Jl. Jaidi II RT 003 RW 011 No. 13', '', 'Jakarta Selatan', 'ID', 'DKI Jakarta', '12510', '', '085811162447', '0217972204', 'yuniati.umi@gmail.com', NULL, '2012-07-02', 'puspa.karen@gmail.com', NULL, '66.131.961.6-017.000', '1420004342365', 'Bank Mandiri', 'JHK.566/8/13/QB-2015', 'Karen Puspasari', '', NULL, NULL, NULL, NULL),
(9, '0009', 'Merissa', 'Leriscca', '', '', 0, NULL, '1995-08-19', 83, 2, 'Single', '', '', '', '', NULL, '', 3, 7, 10, 7, 'Jl. Pancoran Barat II Rt. 004 Rw. 06 No. 005 Kel. Pancoran Kec. Pancor', '', 'Jakarta Selatan', 'ID', '', '', '', '087724746227', '0217972204', 'rheza.gibrani@gmail.com', NULL, '2012-07-02', 'merissa.leri@gmail.com', NULL, '66.127.329.2-061.000', '1520011433899', 'Bank Mandiri', 'JHK.566/8/8/QB-2015', 'Lerissa Merissa', '', NULL, NULL, NULL, NULL),
(10, '0010', 'Siska', 'Flavia', '', '', 0, NULL, '1991-06-30', 83, 2, 'Single', '', '', '', '', NULL, '', 3, 9, NULL, 4, 'Jl. Buncit Raya No. 5 ', '', '', 'ID', '', '', '', '085641498831', '0217972204', 'nayh.alisjahbana@gmail.com', NULL, '2013-11-13', 'siska.flavia@gmail.com', NULL, '08.822.561.0-504.000', '9000025457616', 'Bank Mandiri', 'JHK.566/8/15/QB-2015', 'Flavia Siska', '', NULL, NULL, NULL, NULL),
(11, '0011', 'Kumoro', 'Renaldy', '', '', 0, NULL, '1990-02-12', 83, 1, 'Married', '', '', '', '', NULL, '', 3, 5, 10, 7, 'Jl. Delima Ujung II No. 1 Rt/rw. 006/012, Kel. Tanah Baru, Kec. Beji', '', '', 'ID', '', '', '', '+62 812-1333-1202', '0217972204', 'lina.lathifa@gmail.com', NULL, '2014-03-12', 'renaldi.k@gmail.com', NULL, '66.919.928.3-412.000', '1200009907440', 'Bank Mandiri', 'JHK.566/8/11/QB-2015', 'Renaldy Kumoro', '', NULL, NULL, NULL, NULL),
(12, '0012', 'Aisyah', 'Nur', '', '', 0, NULL, '1997-03-28', 83, 2, 'Married', '', '', '', '', NULL, '', 3, 3, 11, 6, 'Kp. Kelapa Rt. 002/015 No. 83', '', 'Bogor', 'ID', '', '', '', '+62 857-4108-9336', '0217972204', 'mawaddahrahmah19@gmail.com', NULL, '2014-05-09', 'nuraisyah.na@gmail.com', NULL, '70.248.296.9-403.000', '9000008849201', 'Bank Mandiri', 'JHK.566/8/9/QB-2015', 'Nur Aisyah', '', NULL, NULL, NULL, NULL),
(13, '0013', 'Lestari', 'Shella', 'Anggar Dwi', '', 0, NULL, '1995-11-13', 83, 2, 'Single', '', '', '', '', NULL, '', 3, 3, NULL, 6, 'Taman Cibinong Asri C2/19 RT 03/19 Karadenan, Cibinong', '', '', 'ID', '', '', '', '+62 857-1708-4679', '0217972204', 'anggrashella13@gmail.com', NULL, '2014-05-09', 'anggrashella13@gmail.com', NULL, '70.239.673.0-403.000', '1730000113531', 'Bank Mandiri', 'JHK.566/8/14/QB-2015', 'Shella Anggar Dwi Lestari', '', NULL, NULL, NULL, NULL),
(14, '0014', 'Nursandi', 'Rizki', '', '', 0, NULL, '1996-07-07', 83, 2, 'Single', '', '', '', '', NULL, '', 3, 4, 17, 6, 'Kp. Muara RT 05/11 No 65 Kec. Bojonggede, Kab. Bogor', '', 'Bogor', 'ID', '', '', '', '+62 878-7056-0846', '0217972204', 'aldian@itservicesqb.com', NULL, '2014-05-16', 'rizkynursandi16@gmail.com', NULL, '70.622.625.5-403.000', '9000021004586', 'Bank Mandiri', 'JHK.566/11/3/QB-2015', 'Rizki Nursandi', '', NULL, NULL, NULL, NULL),
(15, '0015', 'Suratna', 'Bambang', '', '', 0, NULL, '1983-05-27', 83, 1, 'Married', '', '', '', '', NULL, '', 2, 8, 17, 20, 'Jl. Kemang Utara 1A RT 05/RW 01 Kel. Bangka, Kec. Mampang Prapatan', '', '', 'ID', 'DKI Jakarta', '', '', '08176449544', '0217972204', 'aldian.putra0594@gmail.com', NULL, '2015-05-08', '', NULL, '73.063.696.6-014.000', '1130010157836', 'Bank Mandiri', 'JHK.566/11/4/QB-2015', 'Bambang Sunarna', '', NULL, NULL, NULL, NULL),
(16, '0016', 'Meliana', 'Nadia', '', '', 0, NULL, '1992-02-20', 83, 2, 'Single', '', '', '', '', NULL, '', 2, 14, 15, 2, 'Jl. Buncit Persada No. 1', '', 'Jakarta Selatan', 'ID', 'DKI Jakarta', '12740', '', '+62 812-9714-3456', '0217972204', 'nayh.meliana@gmail.com', NULL, '2015-08-01', 'nayh.meliana@gmail.com', NULL, '73.848.200.9-061.000', '1130010157943', 'Bank Mandiri', 'JHK.566/11/6/QB-2015', 'Nadia Meliana', '', NULL, NULL, NULL, NULL),
(27, '0027', 'Pasha', 'Aftah', '', 'Aftah', 0, NULL, NULL, NULL, NULL, NULL, '', '', '', '', '2018-07-12', '', NULL, NULL, NULL, NULL, '', '', '', '', '', NULL, NULL, NULL, NULL, 'aftahpasha@gmail.com', NULL, NULL, 'aftahpasha@gmail.com', NULL, NULL, NULL, NULL, NULL, NULL, NULL, NULL, NULL, NULL, NULL),
(28, '0028', 'Jaka', 'Arya', '', '', 0, NULL, '2018-07-12', NULL, NULL, NULL, '', '', '', '', NULL, '', NULL, NULL, NULL, NULL, '', '', '', '', '', NULL, NULL, NULL, NULL, 'cimenkbanok69@gmail.com', NULL, NULL, 'cimenkbanok69@gmail.com', NULL, NULL, NULL, NULL, NULL, NULL, NULL, NULL, NULL, NULL, NULL);

-- --------------------------------------------------------

--
-- Struktur dari tabel `ohrm_attendance_record`
--

CREATE TABLE `ohrm_attendance_record` (
  `id` bigint(20) NOT NULL,
  `employee_id` bigint(20) NOT NULL,
  `punch_in_utc_time` datetime DEFAULT NULL,
  `punch_in_note` varchar(255) DEFAULT NULL,
  `punch_in_time_offset` varchar(255) DEFAULT NULL,
  `punch_in_user_time` datetime DEFAULT NULL,
  `punch_out_utc_time` datetime DEFAULT NULL,
  `punch_out_note` varchar(255) DEFAULT NULL,
  `punch_out_time_offset` varchar(255) DEFAULT NULL,
  `punch_out_user_time` datetime DEFAULT NULL,
  `state` varchar(255) NOT NULL
) ENGINE=MyISAM DEFAULT CHARSET=utf8;

--
-- Dumping data untuk tabel `ohrm_attendance_record`
--

INSERT INTO `ohrm_attendance_record` (`id`, `employee_id`, `punch_in_utc_time`, `punch_in_note`, `punch_in_time_offset`, `punch_in_user_time`, `punch_out_utc_time`, `punch_out_note`, `punch_out_time_offset`, `punch_out_user_time`, `state`) VALUES
(1, 12, '2018-03-13 04:10:00', 'testing', '7', '2018-03-13 11:10:00', '2018-03-13 04:11:00', '', '7', '2018-03-13 11:11:00', 'PUNCHED OUT'),
(31, 4, '2018-04-27 04:02:00', '', '7', '2018-04-27 08:38:00', '2018-04-27 11:30:00', '', '7', '2018-04-27 18:30:00', 'PUNCHED OUT'),
(32, 13, '2018-04-30 01:24:00', '', '7', '2018-04-30 08:24:00', '2018-04-30 09:13:00', '', '7', '2018-04-30 16:13:00', 'PUNCHED OUT'),
(4, 12, '2018-04-24 00:07:00', '', '7', '2018-04-24 07:07:00', '2018-04-24 09:10:00', '', '7', '2018-04-24 16:10:00', 'PUNCHED OUT'),
(5, 8, '2018-04-24 01:33:00', '', '7', '2018-04-24 08:33:00', '2018-04-24 11:25:00', '', '7', '2018-04-24 18:25:00', 'PUNCHED OUT'),
(6, 9, '2018-04-24 02:02:00', 'Beli hadiah Pak Bambang', '7', '2018-04-24 09:02:00', '2018-04-24 11:25:00', '', '7', '2018-04-24 18:25:00', 'PUNCHED OUT'),
(7, 13, '2018-04-24 02:04:00', 'Tidak enak badan', '7', '2018-04-24 09:04:00', '2018-04-24 09:38:00', '', '7', '2018-04-24 16:38:00', 'PUNCHED OUT'),
(8, 11, '2018-04-24 02:45:00', 'Hujan', '7', '2018-04-24 09:45:00', '2018-04-24 11:06:00', '', '7', '2018-04-24 18:06:00', 'PUNCHED OUT'),
(9, 16, '2018-04-24 03:17:00', '', '7', '2018-04-24 10:17:00', '2018-04-24 09:48:00', '', '7', '2018-04-24 16:48:00', 'PUNCHED OUT'),
(10, 12, '2018-04-25 00:19:00', '', '7', '2018-04-25 07:19:00', '2018-04-25 09:25:00', '', '7', '2018-04-25 16:25:00', 'PUNCHED OUT'),
(11, 13, '2018-04-25 00:44:00', '', '7', '2018-04-25 07:44:00', '2018-04-25 07:39:00', '', '7', '2018-04-25 14:39:00', 'PUNCHED OUT'),
(12, 22, '2018-04-25 01:02:00', 'Masuk', '7', '2018-04-25 08:02:00', '2018-04-25 10:05:00', 'Out', '7', '2018-04-25 17:05:00', 'PUNCHED OUT'),
(13, 11, '2018-04-25 01:10:00', '', '7', '2018-04-25 08:10:00', '2018-04-25 10:10:00', '', '7', '2018-04-25 17:10:00', 'PUNCHED OUT'),
(14, 7, '2018-04-25 01:25:00', '', '7', '2018-04-25 08:25:00', '2018-04-25 10:25:00', '', '7', '2018-04-25 17:25:00', 'PUNCHED OUT'),
(15, 9, '2018-04-25 01:42:00', '', '7', '2018-04-25 08:42:00', '2018-04-25 10:47:00', '', '7', '2018-04-25 17:47:00', 'PUNCHED OUT'),
(16, 8, '2018-04-25 01:46:00', '', '7', '2018-04-25 08:46:00', '2018-04-25 11:17:00', '', '7', '2018-04-25 18:17:00', 'PUNCHED OUT'),
(17, 16, '2018-04-25 03:31:00', '', '7', '2018-04-25 10:31:00', '2018-04-26 04:12:00', '', '7', '2018-04-26 11:12:00', 'PUNCHED OUT'),
(18, 12, '2018-04-26 00:01:00', '', '7', '2018-04-26 07:01:00', '2018-04-26 03:06:00', '', '7', '2018-04-26 10:06:00', 'PUNCHED OUT'),
(19, 13, '2018-04-26 00:45:00', '', '7', '2018-04-26 07:45:00', '2018-04-26 09:50:00', '', '7', '2018-04-26 16:50:00', 'PUNCHED OUT'),
(20, 7, '2018-04-26 01:28:00', '', '7', '2018-04-26 08:28:00', '2018-04-26 09:05:00', 'Tidak Enak Badan (Ngurut)', '7', '2018-04-26 16:05:00', 'PUNCHED OUT'),
(21, 9, '2018-04-26 01:32:00', '', '7', '2018-04-26 08:32:00', '2018-04-26 10:44:00', '', '7', '2018-04-26 17:44:00', 'PUNCHED OUT'),
(22, 11, '2018-04-26 01:33:00', '', '7', '2018-04-26 08:33:00', '2018-04-26 09:26:00', '', '7', '2018-04-26 16:26:00', 'PUNCHED OUT'),
(23, 8, '2018-04-26 01:48:00', '', '7', '2018-04-26 08:48:00', '2018-04-26 10:48:00', '', '7', '2018-04-26 17:48:00', 'PUNCHED OUT'),
(24, 16, '2018-04-26 04:12:00', '', '7', '2018-04-26 11:12:00', '2018-04-26 09:56:00', '', '7', '2018-04-26 16:56:00', 'PUNCHED OUT'),
(25, 13, '2018-04-27 00:20:00', '', '7', '2018-04-27 07:20:00', '2018-04-27 09:38:00', '', '7', '2018-04-27 16:38:00', 'PUNCHED OUT'),
(26, 22, '2018-04-27 00:24:00', 'in', '7', '2018-04-27 07:24:00', '2018-04-27 09:33:00', 'out', '7', '2018-04-27 16:33:00', 'PUNCHED OUT'),
(27, 7, '2018-04-27 01:23:00', '', '7', '2018-04-27 08:23:00', '2018-04-27 10:24:00', '', '7', '2018-04-27 17:24:00', 'PUNCHED OUT'),
(28, 11, '2018-04-27 01:35:00', '', '7', '2018-04-27 08:35:00', '2018-04-27 10:35:00', '', '7', '2018-04-27 17:35:00', 'PUNCHED OUT'),
(29, 9, '2018-04-27 01:43:00', '', '7', '2018-04-27 08:43:00', '2018-04-27 11:35:00', '', '7', '2018-04-27 18:35:00', 'PUNCHED OUT'),
(30, 12, '2018-04-27 03:29:00', 'ada urusan di kampus', '7', '2018-04-27 10:29:00', '2018-04-27 09:51:00', '', '7', '2018-04-27 16:51:00', 'PUNCHED OUT'),
(33, 7, '2018-04-30 01:35:00', '', '7', '2018-04-30 08:35:00', '2018-04-30 09:40:00', 'Nisfu Syaban', '7', '2018-04-30 16:40:00', 'PUNCHED OUT'),
(34, 9, '2018-04-30 01:37:00', '', '7', '2018-04-30 08:37:00', '2018-04-30 09:52:00', 'ijin nisfu sya\'ban', '7', '2018-04-30 16:52:00', 'PUNCHED OUT'),
(35, 8, '2018-04-30 01:46:00', '', '7', '2018-04-30 08:46:00', '2018-04-30 10:53:00', '', '7', '2018-04-30 17:53:00', 'PUNCHED OUT'),
(36, 16, '2018-04-30 03:43:00', '', '7', '2018-04-30 10:43:00', '2018-04-30 10:03:00', 'Lupa punch out jam 16.30.. Nisfu', '7', '2018-04-30 17:03:00', 'PUNCHED OUT'),
(37, 11, '2018-04-30 06:06:00', 'Izin cek masuk sekolah SD Anak', '7', '2018-04-30 13:06:00', '2018-04-30 10:34:00', '', '7', '2018-04-30 17:34:00', 'PUNCHED OUT'),
(38, 13, '2018-05-02 00:54:00', '', '7', '2018-05-02 07:54:00', '2018-05-02 07:38:00', '', '7', '2018-05-02 14:38:00', 'PUNCHED OUT'),
(39, 9, '2018-05-02 01:34:00', '', '7', '2018-05-02 08:34:00', '2018-05-02 10:49:00', '', '7', '2018-05-02 17:49:00', 'PUNCHED OUT'),
(40, 8, '2018-05-02 01:34:00', '', '7', '2018-05-02 08:34:00', '2018-05-02 08:59:00', 'UTS', '7', '2018-05-02 15:59:00', 'PUNCHED OUT'),
(41, 11, '2018-05-02 01:42:00', '', '7', '2018-05-02 08:42:00', '2018-05-02 10:23:00', '', '7', '2018-05-02 17:23:00', 'PUNCHED OUT'),
(42, 16, '2018-05-02 01:44:00', '', '7', '2018-05-02 08:44:00', '2018-05-02 09:53:00', '', '7', '2018-05-02 16:53:00', 'PUNCHED OUT'),
(43, 7, '2018-05-02 01:44:00', '', '7', '2018-05-02 08:44:00', '2018-05-02 10:48:00', '', '7', '2018-05-02 17:48:00', 'PUNCHED OUT'),
(44, 22, '2018-05-02 01:46:00', 'In', '7', '2018-05-02 08:46:00', '2018-05-02 09:50:00', '', '7', '2018-05-02 16:50:00', 'PUNCHED OUT'),
(45, 4, '2018-05-02 02:00:00', '', '7', '2018-05-02 09:00:00', '2018-05-02 11:05:00', '', '7', '2018-05-02 18:05:00', 'PUNCHED OUT'),
(46, 12, '2018-05-02 02:36:00', '', '7', '2018-05-02 09:36:00', '2018-05-02 10:45:00', 'tadi pagi telat karena baru pulang dari Jawa', '7', '2018-05-02 17:45:00', 'PUNCHED OUT'),
(47, 12, '2018-05-03 00:10:00', '', '7', '2018-05-03 07:10:00', '2018-05-03 09:39:00', '', '7', '2018-05-03 16:39:00', 'PUNCHED OUT'),
(48, 13, '2018-05-03 00:19:00', '', '7', '2018-05-03 07:19:00', '2018-05-03 09:37:00', '', '7', '2018-05-03 16:37:00', 'PUNCHED OUT'),
(49, 22, '2018-05-03 00:49:00', '', '7', '2018-05-03 07:49:00', '2018-05-03 09:50:00', '', '7', '2018-05-03 16:50:00', 'PUNCHED OUT'),
(50, 11, '2018-05-03 00:56:00', '', '7', '2018-05-03 07:56:00', '2018-05-03 09:56:00', '', '7', '2018-05-03 16:56:00', 'PUNCHED OUT'),
(51, 9, '2018-05-03 01:28:00', '', '7', '2018-05-03 08:28:00', '2018-05-03 10:40:00', '', '7', '2018-05-03 17:40:00', 'PUNCHED OUT'),
(52, 8, '2018-05-03 01:34:00', '', '7', '2018-05-03 08:34:00', '2018-05-03 10:40:00', '', '7', '2018-05-03 17:40:00', 'PUNCHED OUT'),
(53, 4, '2018-05-03 02:34:00', '', '7', '2018-05-03 09:34:00', '2018-05-03 10:39:00', '', '7', '2018-05-03 17:39:00', 'PUNCHED OUT'),
(54, 16, '2018-05-03 04:41:00', '', '7', '2018-05-03 11:41:00', '2018-05-03 10:10:00', 'Jam 15.58', '7', '2018-05-03 17:10:00', 'PUNCHED OUT'),
(55, 22, '2018-05-04 00:33:00', '', '7', '2018-05-04 07:33:00', '2018-05-04 09:36:00', '', '7', '2018-05-04 16:36:00', 'PUNCHED OUT'),
(56, 7, '2018-05-04 01:09:00', '', '7', '2018-05-04 08:09:00', '2018-05-04 10:09:00', '', '7', '2018-05-04 17:09:00', 'PUNCHED OUT'),
(57, 9, '2018-05-04 01:34:00', '', '7', '2018-05-04 08:34:00', '2018-05-04 10:34:00', '', '7', '2018-05-04 17:34:00', 'PUNCHED OUT'),
(58, 4, '2018-05-04 02:24:00', '', '7', '2018-05-04 09:24:00', '2018-05-04 11:40:00', '', '7', '2018-05-04 18:59:00', 'PUNCHED OUT'),
(59, 11, '2018-05-04 02:39:00', '', '7', '2018-05-04 09:39:00', '2018-05-04 11:42:00', '', '7', '2018-05-04 18:42:00', 'PUNCHED OUT'),
(60, 16, '2018-05-04 03:18:00', '', '7', '2018-05-04 10:18:00', '2018-05-04 10:19:00', '', '7', '2018-05-04 17:19:00', 'PUNCHED OUT'),
(61, 8, '2018-05-04 05:04:00', '', '7', '2018-05-04 12:04:00', '2018-05-04 10:26:00', 'Izin Siang Karna Keperluan Keluarga', '7', '2018-05-04 17:26:00', 'PUNCHED OUT'),
(62, 12, '2018-05-07 00:02:00', '', '7', '2018-05-07 07:02:00', '2018-05-07 09:04:00', '', '7', '2018-05-07 16:04:00', 'PUNCHED OUT'),
(63, 22, '2018-05-07 00:45:00', '', '7', '2018-05-07 07:45:00', '2018-05-07 09:45:00', '', '7', '2018-05-07 16:45:00', 'PUNCHED OUT'),
(64, 13, '2018-05-07 01:17:00', '', '7', '2018-05-07 08:17:00', '2018-05-07 09:42:00', '', '7', '2018-05-07 16:42:00', 'PUNCHED OUT'),
(65, 11, '2018-05-07 01:18:00', '', '7', '2018-05-07 08:18:00', '2018-05-07 12:45:00', '', '7', '2018-05-07 19:45:00', 'PUNCHED OUT'),
(66, 9, '2018-05-07 01:31:00', '', '7', '2018-05-07 08:31:00', '2018-05-07 10:42:00', '', '7', '2018-05-07 17:42:00', 'PUNCHED OUT'),
(67, 8, '2018-05-07 01:39:00', '', '7', '2018-05-07 08:39:00', '2018-05-07 11:05:00', '', '7', '2018-05-07 18:05:00', 'PUNCHED OUT'),
(68, 7, '2018-05-07 01:43:00', '', '7', '2018-05-07 08:43:00', '2018-05-07 10:43:00', '', '7', '2018-05-07 17:43:00', 'PUNCHED OUT'),
(69, 4, '2018-05-07 02:00:00', '', '7', '2018-05-07 09:00:00', '2018-05-07 11:26:00', '', '7', '2018-05-07 18:42:00', 'PUNCHED OUT'),
(70, 16, '2018-05-07 02:18:00', '', '7', '2018-05-07 09:18:00', '2018-05-07 10:15:00', '', '7', '2018-05-07 17:15:00', 'PUNCHED OUT'),
(71, 12, '2018-05-08 00:02:00', '', '7', '2018-05-08 07:02:00', '2018-05-08 09:05:00', '', '7', '2018-05-08 16:05:00', 'PUNCHED OUT'),
(72, 13, '2018-05-08 01:07:00', '', '7', '2018-05-08 08:07:00', '2018-05-08 09:50:00', '', '7', '2018-05-08 16:50:00', 'PUNCHED OUT'),
(73, 22, '2018-05-08 01:20:00', '', '7', '2018-05-08 08:20:00', '2018-05-08 09:46:00', '', '7', '2018-05-08 16:46:00', 'PUNCHED OUT'),
(74, 9, '2018-05-08 01:34:00', '', '7', '2018-05-08 08:34:00', '2018-05-08 10:35:00', '', '7', '2018-05-08 17:35:00', 'PUNCHED OUT'),
(75, 7, '2018-05-08 01:44:00', '', '7', '2018-05-08 08:44:00', '2018-05-08 10:49:00', '', '7', '2018-05-08 17:49:00', 'PUNCHED OUT'),
(76, 8, '2018-05-08 01:58:00', 'Ke Bank BNI untuk setor iuran BPJS Kesehatan (Namun Offline)', '7', '2018-05-08 08:58:00', '2018-05-08 11:10:00', '', '7', '2018-05-08 18:10:00', 'PUNCHED OUT'),
(77, 4, '2018-05-08 02:26:00', '', '7', '2018-05-08 09:26:00', '2018-05-08 13:04:00', '', '7', '2018-05-08 20:04:00', 'PUNCHED OUT'),
(78, 16, '2018-05-08 03:08:00', '', '7', '2018-05-08 10:08:00', '2018-05-08 09:57:00', '', '7', '2018-05-08 16:57:00', 'PUNCHED OUT'),
(79, 12, '2018-05-09 00:06:00', '', '7', '2018-05-09 07:06:00', '2018-05-09 09:04:00', '', '7', '2018-05-09 16:04:00', 'PUNCHED OUT'),
(80, 4, '2018-05-09 00:37:00', '', '7', '2018-05-09 07:37:00', '2018-05-09 06:27:00', 'Menghadiri Seminar Alibaba Cloud Technology', '7', '2018-05-09 13:27:00', 'PUNCHED OUT'),
(81, 11, '2018-05-09 00:51:00', '', '7', '2018-05-09 07:51:00', '2018-05-09 09:56:00', '', '7', '2018-05-09 16:56:00', 'PUNCHED OUT'),
(82, 13, '2018-05-09 01:16:00', '', '7', '2018-05-09 08:16:00', '2018-05-09 10:03:00', '', '7', '2018-05-09 17:03:00', 'PUNCHED OUT'),
(83, 7, '2018-05-09 01:47:00', '', '7', '2018-05-09 08:47:00', '2018-05-09 11:03:00', '', '7', '2018-05-09 18:03:00', 'PUNCHED OUT'),
(84, 8, '2018-05-09 02:05:00', 'Ke Bank BNI setor iuran BPJS Kesehatan Perusahaan', '7', '2018-05-09 09:05:00', '2018-05-09 10:47:00', '', '7', '2018-05-09 17:47:00', 'PUNCHED OUT'),
(85, 16, '2018-05-09 04:53:00', '', '7', '2018-05-09 11:53:00', '2018-05-09 09:58:00', '', '7', '2018-05-09 16:58:00', 'PUNCHED OUT'),
(86, 22, '2018-05-11 00:38:00', '', '7', '2018-05-11 07:38:00', '2018-05-14 01:18:00', '', '7', '2018-05-14 08:18:00', 'PUNCHED OUT'),
(87, 13, '2018-05-11 01:10:00', '', '7', '2018-05-11 08:10:00', '2018-05-11 09:26:00', '', '7', '2018-05-11 16:26:00', 'PUNCHED OUT'),
(88, 8, '2018-05-11 01:48:00', '', '7', '2018-05-11 08:48:00', '2018-05-11 11:04:00', '', '7', '2018-05-11 18:04:00', 'PUNCHED OUT'),
(89, 4, '2018-05-11 02:02:00', '', '7', '2018-05-11 09:02:00', '2018-05-14 02:01:00', '', '7', '2018-05-14 09:01:00', 'PUNCHED OUT'),
(90, 16, '2018-05-11 03:11:00', '', '7', '2018-05-11 10:11:00', '2018-05-11 09:05:00', '', '7', '2018-05-11 16:05:00', 'PUNCHED OUT'),
(91, 11, '2018-05-11 04:34:00', 'ziarah ke makam orang tua istri ', '7', '2018-05-11 11:34:00', '2018-05-11 09:28:00', '', '7', '2018-05-11 16:28:00', 'PUNCHED OUT'),
(92, 12, '2018-05-14 01:11:00', '', '7', '2018-05-14 08:11:00', '2018-05-14 10:26:00', '', '7', '2018-05-14 17:26:00', 'PUNCHED OUT'),
(93, 22, '2018-05-14 01:18:00', '', '7', '2018-05-14 08:18:00', '2018-05-14 10:21:00', '', '7', '2018-05-14 17:21:00', 'PUNCHED OUT'),
(94, 7, '2018-05-14 01:40:00', '', '7', '2018-05-14 08:40:00', '2018-05-14 10:41:00', '', '7', '2018-05-14 17:41:00', 'PUNCHED OUT'),
(95, 16, '2018-05-14 01:53:00', '', '7', '2018-05-14 08:53:00', '2018-05-14 10:05:00', '', '7', '2018-05-14 17:05:00', 'PUNCHED OUT'),
(96, 8, '2018-05-14 01:54:00', '', '7', '2018-05-14 08:54:00', '2018-05-14 10:39:00', '', '7', '2018-05-14 17:39:00', 'PUNCHED OUT'),
(97, 9, '2018-05-14 01:54:00', '', '7', '2018-05-14 08:54:00', '2018-05-14 10:35:00', 'Sakit', '7', '2018-05-14 17:35:00', 'PUNCHED OUT'),
(98, 4, '2018-05-14 02:01:00', '', '7', '2018-05-14 09:01:00', '2018-05-14 11:03:00', '', '7', '2018-05-14 19:31:00', 'PUNCHED OUT'),
(99, 11, '2018-05-14 02:02:00', '', '7', '2018-05-14 09:02:00', '2018-05-14 11:19:00', '', '7', '2018-05-14 18:19:00', 'PUNCHED OUT'),
(100, 13, '2018-05-14 10:32:00', '', '7', '2018-05-14 17:32:00', '2018-05-14 10:32:00', '', '7', '2018-05-14 17:32:00', 'PUNCHED OUT'),
(101, 12, '2018-05-15 00:03:00', '', '7', '2018-05-15 07:03:00', '2018-05-16 02:12:00', '', '7', '2018-05-16 09:12:00', 'PUNCHED OUT'),
(102, 22, '2018-05-15 01:07:00', '', '7', '2018-05-15 08:07:00', '2018-05-15 09:25:00', '', '7', '2018-05-15 16:25:00', 'PUNCHED OUT'),
(103, 9, '2018-05-15 01:38:00', '', '7', '2018-05-15 08:38:00', '2018-05-15 13:27:00', '', '7', '2018-05-15 20:27:00', 'PUNCHED OUT'),
(104, 13, '2018-05-15 01:56:00', '', '7', '2018-05-15 08:56:00', '2018-05-15 10:05:00', '', '7', '2018-05-15 17:05:00', 'PUNCHED OUT'),
(105, 8, '2018-05-15 02:24:00', 'ke BNI Pasming untuk ambil form perubahan user BNI Direct', '7', '2018-05-15 09:24:00', '2018-05-15 13:29:00', '', '7', '2018-05-15 20:29:00', 'PUNCHED OUT'),
(106, 4, '2018-05-15 02:37:00', '', '7', '2018-05-15 09:37:00', '2018-05-15 11:17:00', '', '7', '2018-05-15 18:17:00', 'PUNCHED OUT'),
(107, 11, '2018-05-15 02:44:00', '', '7', '2018-05-15 09:44:00', '2018-05-15 11:17:00', '', '7', '2018-05-15 18:17:00', 'PUNCHED OUT'),
(108, 16, '2018-05-15 03:08:00', '', '7', '2018-05-15 10:08:00', '2018-05-15 10:12:00', '', '7', '2018-05-15 17:12:00', 'PUNCHED OUT'),
(109, 13, '2018-05-16 00:33:00', '', '7', '2018-05-16 07:33:00', '2018-05-17 23:47:00', '', '7', '2018-05-18 06:47:00', 'PUNCHED OUT'),
(110, 8, '2018-05-16 01:41:00', '', '7', '2018-05-16 08:41:00', '2018-05-16 10:06:00', '', '7', '2018-05-16 17:06:00', 'PUNCHED OUT'),
(111, 12, '2018-05-16 02:12:00', '', '7', '2018-05-16 09:12:00', '2018-05-17 00:33:00', '', '7', '2018-05-17 07:33:00', 'PUNCHED OUT'),
(112, 16, '2018-05-16 02:44:00', '', '7', '2018-05-16 09:44:00', '2018-05-16 10:02:00', '', '7', '2018-05-16 17:02:00', 'PUNCHED OUT'),
(113, 11, '2018-05-16 10:04:00', '', '7', '2018-05-16 17:04:00', '2018-05-16 10:04:00', '', '7', '2018-05-16 17:04:00', 'PUNCHED OUT'),
(114, 4, '2018-05-17 00:09:00', '', '7', '2018-05-17 07:09:00', '2018-05-17 09:01:00', '', '7', '2018-05-17 16:01:00', 'PUNCHED OUT'),
(115, 12, '2018-05-17 00:33:00', '', '7', '2018-05-17 07:33:00', '2018-05-17 22:46:00', '', '7', '2018-05-18 05:46:00', 'PUNCHED OUT'),
(116, 8, '2018-05-17 00:43:00', '', '7', '2018-05-17 07:43:00', '2018-05-17 09:05:00', '', '7', '2018-05-17 16:05:00', 'PUNCHED OUT'),
(117, 7, '2018-05-17 00:53:00', '', '7', '2018-05-17 07:53:00', '2018-05-17 09:00:00', '', '7', '2018-05-17 16:00:00', 'PUNCHED OUT'),
(118, 22, '2018-05-17 00:54:00', '', '7', '2018-05-17 07:54:00', '2018-05-17 08:55:00', '', '7', '2018-05-17 15:55:00', 'PUNCHED OUT'),
(119, 9, '2018-05-17 01:08:00', '', '7', '2018-05-17 08:08:00', '2018-05-18 01:06:00', '', '7', '2018-05-18 08:06:00', 'PUNCHED OUT'),
(120, 16, '2018-05-17 01:22:00', '', '7', '2018-05-17 08:22:00', '2018-05-18 02:27:00', '', '7', '2018-05-18 09:27:00', 'PUNCHED OUT'),
(121, 13, '2018-05-17 23:47:00', '', '7', '2018-05-18 06:47:00', '2018-05-18 08:47:00', '', '7', '2018-05-18 15:47:00', 'PUNCHED OUT'),
(122, 4, '2018-05-18 00:46:00', '', '7', '2018-05-18 07:46:00', '2018-05-18 09:05:00', '', '7', '2018-05-18 16:05:00', 'PUNCHED OUT'),
(123, 8, '2018-05-18 00:51:00', '', '7', '2018-05-18 07:51:00', '2018-05-18 09:05:00', '', '7', '2018-05-18 16:05:00', 'PUNCHED OUT'),
(124, 7, '2018-05-18 00:55:00', '', '7', '2018-05-18 07:55:00', '2018-05-18 09:06:00', '', '7', '2018-05-18 16:06:00', 'PUNCHED OUT'),
(125, 9, '2018-05-18 01:06:00', '', '7', '2018-05-18 08:06:00', '2018-05-18 09:31:00', '', '7', '2018-05-18 16:31:00', 'PUNCHED OUT'),
(126, 22, '2018-05-18 01:24:00', '', '7', '2018-05-18 08:24:00', '2018-05-18 09:03:00', '', '7', '2018-05-18 16:03:00', 'PUNCHED OUT'),
(127, 11, '2018-05-18 02:07:00', '', '7', '2018-05-18 09:07:00', '2018-05-18 09:06:00', '', '7', '2018-05-18 16:06:00', 'PUNCHED OUT'),
(128, 16, '2018-05-18 02:27:00', '', '7', '2018-05-18 09:27:00', '2018-05-18 08:59:00', '', '7', '2018-05-18 15:59:00', 'PUNCHED OUT'),
(129, 12, '2018-05-18 03:21:00', '', '7', '2018-05-18 10:21:00', '2018-05-18 09:16:00', '', '7', '2018-05-18 16:16:00', 'PUNCHED OUT'),
(130, 12, '2018-05-18 09:16:00', '', '7', '2018-05-18 16:16:00', '2018-05-21 00:49:00', '', '7', '2018-05-21 07:49:00', 'PUNCHED OUT'),
(131, 12, '2018-05-21 00:50:00', '', '7', '2018-05-21 07:50:00', '2018-05-21 09:17:00', '', '7', '2018-05-21 16:17:00', 'PUNCHED OUT'),
(132, 11, '2018-05-21 00:54:00', '', '7', '2018-05-21 07:54:00', '2018-05-21 09:10:00', '', '7', '2018-05-21 16:10:00', 'PUNCHED OUT'),
(133, 7, '2018-05-21 01:02:00', '', '7', '2018-05-21 08:02:00', '2018-05-22 09:00:00', '', '7', '2018-05-22 16:00:00', 'PUNCHED OUT'),
(134, 8, '2018-05-21 01:03:00', '', '7', '2018-05-21 08:03:00', '2018-05-21 09:16:00', '', '7', '2018-05-21 16:16:00', 'PUNCHED OUT'),
(135, 9, '2018-05-21 01:19:00', '', '7', '2018-05-21 08:19:00', '2018-05-22 01:13:00', 'Maaf kemarin ternyata error, pulang jam stngh 5', '7', '2018-05-22 08:13:00', 'PUNCHED OUT'),
(136, 22, '2018-05-21 08:05:00', 'Lupa Punch in tadi pagi', '7', '2018-05-21 15:05:00', '2018-05-21 09:04:00', '', '7', '2018-05-21 16:04:00', 'PUNCHED OUT'),
(137, 13, '2018-05-21 23:54:00', '', '7', '2018-05-22 06:54:00', '2018-05-22 08:32:00', '', '7', '2018-05-22 15:32:00', 'PUNCHED OUT'),
(138, 8, '2018-05-22 01:10:00', '', '7', '2018-05-22 08:10:00', '2018-05-22 09:10:00', '', '7', '2018-05-22 16:10:00', 'PUNCHED OUT'),
(139, 9, '2018-05-22 01:22:00', '', '7', '2018-05-22 08:22:00', '2018-05-22 09:32:00', '', '7', '2018-05-22 16:32:00', 'PUNCHED OUT'),
(140, 4, '2018-05-22 02:00:00', '', '7', '2018-05-22 09:00:00', '2018-05-22 09:07:00', '', '7', '2018-05-22 16:07:00', 'PUNCHED OUT'),
(141, 11, '2018-05-22 02:57:00', '', '7', '2018-05-22 09:57:00', '2018-05-22 09:10:00', '', '7', '2018-05-22 16:10:00', 'PUNCHED OUT'),
(142, 7, '2018-05-22 09:00:00', '', '7', '2018-05-22 16:00:00', '2018-05-22 09:00:00', '', '7', '2018-05-22 16:00:00', 'PUNCHED OUT'),
(143, 13, '2018-05-23 00:09:00', '', '7', '2018-05-23 07:09:00', '2018-05-23 08:22:00', '', '7', '2018-05-23 15:22:00', 'PUNCHED OUT'),
(144, 12, '2018-05-23 00:27:00', '', '7', '2018-05-23 07:27:00', '2018-05-23 08:56:00', '', '7', '2018-05-23 15:56:00', 'PUNCHED OUT'),
(145, 11, '2018-05-23 00:56:00', '', '7', '2018-05-23 07:56:00', '2018-05-23 09:20:00', '', '7', '2018-05-23 16:20:00', 'PUNCHED OUT'),
(146, 22, '2018-05-23 00:57:00', '', '7', '2018-05-23 07:57:00', '2018-05-24 00:36:00', '', '7', '2018-05-24 07:36:00', 'PUNCHED OUT'),
(147, 7, '2018-05-23 01:14:00', '', '7', '2018-05-23 08:14:00', '2018-05-23 09:15:00', '', '7', '2018-05-23 16:15:00', 'PUNCHED OUT'),
(148, 9, '2018-05-23 01:33:00', '', '7', '2018-05-23 08:33:00', '2018-05-23 09:33:00', '', '7', '2018-05-23 16:33:00', 'PUNCHED OUT'),
(149, 4, '2018-05-23 01:34:00', '', '7', '2018-05-23 08:34:00', '2018-05-23 09:29:00', '', '7', '2018-05-23 16:29:00', 'PUNCHED OUT'),
(150, 16, '2018-05-23 03:14:00', '', '7', '2018-05-23 10:14:00', '2018-05-28 01:59:00', 'Jam 12.15 pulang', '7', '2018-05-28 08:59:00', 'PUNCHED OUT'),
(151, 8, '2018-05-23 04:23:00', 'Check Up Gigi (RSUD Pasming) dan ke BNI untuk perubahan Specimen', '7', '2018-05-23 11:23:00', '2018-05-23 09:17:00', '', '7', '2018-05-23 16:17:00', 'PUNCHED OUT'),
(152, 13, '2018-05-24 00:12:00', '', '7', '2018-05-24 07:12:00', '2018-05-24 09:06:00', '', '7', '2018-05-24 16:06:00', 'PUNCHED OUT'),
(153, 12, '2018-05-24 00:36:00', '', '7', '2018-05-24 07:36:00', '2018-05-24 08:49:00', '', '7', '2018-05-24 15:49:00', 'PUNCHED OUT'),
(154, 7, '2018-05-24 01:12:00', '', '7', '2018-05-24 08:12:00', '2018-05-24 09:29:00', '', '7', '2018-05-24 16:29:00', 'PUNCHED OUT'),
(155, 22, '2018-05-24 01:23:00', '', '7', '2018-05-24 08:23:00', '2018-05-24 09:01:00', '', '7', '2018-05-24 16:01:00', 'PUNCHED OUT'),
(156, 11, '2018-05-24 01:25:00', '', '7', '2018-05-24 08:25:00', '2018-05-24 09:00:00', '', '7', '2018-05-24 16:00:00', 'PUNCHED OUT'),
(157, 8, '2018-05-24 01:25:00', '', '7', '2018-05-24 08:25:00', '2018-05-24 15:06:00', 'Lupa absen, pulang jam 4.10', '7', '2018-05-24 22:06:00', 'PUNCHED OUT'),
(158, 13, '2018-05-25 00:30:00', '', '7', '2018-05-25 07:30:00', '2018-05-27 23:43:00', 'Pulang pukul 03.45', '7', '2018-05-28 06:43:00', 'PUNCHED OUT'),
(159, 22, '2018-05-25 01:02:00', '', '7', '2018-05-25 08:02:00', '2018-05-25 09:10:00', '', '7', '2018-05-25 16:10:00', 'PUNCHED OUT'),
(160, 8, '2018-05-25 01:10:00', '', '7', '2018-05-25 08:10:00', '2018-05-25 09:10:00', '', '7', '2018-05-25 16:10:00', 'PUNCHED OUT'),
(161, 7, '2018-05-25 01:11:00', '', '7', '2018-05-25 08:11:00', '2018-05-25 09:14:00', '', '7', '2018-05-25 16:14:00', 'PUNCHED OUT'),
(162, 9, '2018-05-25 01:19:00', '', '7', '2018-05-25 08:19:00', '2018-05-25 09:35:00', '', '7', '2018-05-25 16:35:00', 'PUNCHED OUT'),
(163, 11, '2018-05-25 03:41:00', 'HUjan', '7', '2018-05-25 10:41:00', '2018-05-25 09:15:00', '', '7', '2018-05-25 16:15:00', 'PUNCHED OUT'),
(164, 12, '2018-05-27 23:21:00', '', '7', '2018-05-28 06:21:00', '2018-06-04 00:54:00', '', '7', '2018-06-04 07:54:00', 'PUNCHED OUT'),
(165, 13, '2018-05-27 23:43:00', '', '7', '2018-05-28 06:43:00', '2018-05-30 00:51:00', 'pulang pukul 15.20', '7', '2018-05-30 07:51:00', 'PUNCHED OUT'),
(166, 7, '2018-05-28 01:22:00', '', '7', '2018-05-28 08:22:00', '2018-05-28 09:12:00', '', '7', '2018-05-28 16:12:00', 'PUNCHED OUT'),
(167, 11, '2018-05-28 01:33:00', '', '7', '2018-05-28 08:33:00', '2018-05-28 09:20:00', '', '7', '2018-05-28 16:20:00', 'PUNCHED OUT'),
(168, 8, '2018-05-28 01:35:00', 'Buang buang air', '7', '2018-05-28 08:35:00', '2018-05-28 09:11:00', '', '7', '2018-05-28 16:11:00', 'PUNCHED OUT'),
(169, 16, '2018-05-28 01:59:00', '', '7', '2018-05-28 08:59:00', '2018-05-28 09:02:00', '', '7', '2018-05-28 16:02:00', 'PUNCHED OUT'),
(170, 22, '2018-05-28 02:03:00', '', '7', '2018-05-28 09:03:00', '2018-05-28 08:55:00', '', '7', '2018-05-28 15:55:00', 'PUNCHED OUT'),
(171, 4, '2018-05-28 05:40:00', 'Lupa absen. datang jam 08.55', '7', '2018-05-28 12:40:00', '2018-05-30 02:08:00', '', '7', '2018-05-30 09:08:00', 'PUNCHED OUT'),
(172, 16, '2018-05-29 07:27:00', '', '7', '2018-05-29 14:27:00', '2018-05-29 07:57:00', '', '7', '2018-05-29 14:57:00', 'PUNCHED OUT'),
(173, 13, '2018-05-30 00:51:00', '', '7', '2018-05-30 07:51:00', '2018-05-30 09:37:00', '', '7', '2018-05-30 16:37:00', 'PUNCHED OUT'),
(174, 7, '2018-05-30 00:54:00', '', '7', '2018-05-30 07:54:00', '2018-05-30 08:12:00', 'Ke Dokter Kandungan', '7', '2018-05-30 15:12:00', 'PUNCHED OUT'),
(175, 8, '2018-05-30 01:31:00', 'Ada Keperluan sebentar di RSUD Pasming', '7', '2018-05-30 08:31:00', '2018-05-30 10:15:00', '', '7', '2018-05-30 17:15:00', 'PUNCHED OUT'),
(176, 9, '2018-05-30 01:53:00', '', '7', '2018-05-30 08:53:00', '2018-05-30 10:16:00', '', '7', '2018-05-30 17:16:00', 'PUNCHED OUT'),
(177, 22, '2018-05-30 01:54:00', '', '7', '2018-05-30 08:54:00', '2018-05-30 09:55:00', '', '7', '2018-05-30 16:55:00', 'PUNCHED OUT'),
(178, 4, '2018-05-30 02:08:00', '', '7', '2018-05-30 09:08:00', '2018-05-30 10:06:00', '', '7', '2018-05-30 17:06:00', 'PUNCHED OUT'),
(179, 11, '2018-05-30 04:00:00', 'Antar Jemput Anak sekolah ', '7', '2018-05-30 11:00:00', '2018-05-31 02:54:00', 'Out Jam 17.00', '7', '2018-05-31 09:54:00', 'PUNCHED OUT'),
(180, 7, '2018-05-31 00:59:00', '', '7', '2018-05-31 07:59:00', '2018-05-31 09:05:00', '', '7', '2018-05-31 16:05:00', 'PUNCHED OUT'),
(181, 8, '2018-05-31 01:11:00', '', '7', '2018-05-31 08:11:00', '2018-05-31 09:46:00', '', '7', '2018-05-31 16:46:00', 'PUNCHED OUT'),
(182, 9, '2018-05-31 01:13:00', '', '7', '2018-05-31 08:13:00', '2018-05-31 09:47:00', '', '7', '2018-05-31 16:47:00', 'PUNCHED OUT'),
(183, 22, '2018-05-31 01:55:00', '', '7', '2018-05-31 08:55:00', '2018-05-31 07:57:00', '', '7', '2018-05-31 14:57:00', 'PUNCHED OUT'),
(184, 4, '2018-05-31 02:07:00', '', '7', '2018-05-31 09:07:00', '2018-05-31 09:33:00', '', '7', '2018-05-31 16:33:00', 'PUNCHED OUT'),
(185, 11, '2018-05-31 02:55:00', 'antar jemput anak sekolah', '7', '2018-05-31 09:55:00', '2018-05-31 09:30:00', '', '7', '2018-05-31 16:30:00', 'PUNCHED OUT'),
(186, 16, '2018-05-31 04:22:00', '', '7', '2018-05-31 11:22:00', '2018-05-31 09:46:00', '', '7', '2018-05-31 16:46:00', 'PUNCHED OUT'),
(187, 13, '2018-06-04 00:16:00', '', '7', '2018-06-04 07:16:00', '2018-06-04 08:26:00', '', '7', '2018-06-04 15:26:00', 'PUNCHED OUT'),
(188, 12, '2018-06-04 00:55:00', '', '7', '2018-06-04 07:55:00', '2018-06-04 08:53:00', '', '7', '2018-06-04 15:53:00', 'PUNCHED OUT'),
(189, 9, '2018-06-04 01:22:00', '', '7', '2018-06-04 08:22:00', '2018-06-04 09:29:00', '', '7', '2018-06-04 16:29:00', 'PUNCHED OUT'),
(190, 7, '2018-06-04 01:24:00', '', '7', '2018-06-04 08:24:00', '2018-06-05 01:18:00', '', '7', '2018-06-05 08:18:00', 'PUNCHED OUT'),
(191, 8, '2018-06-04 01:33:00', '', '7', '2018-06-04 08:33:00', '2018-06-04 09:27:00', '', '7', '2018-06-04 16:27:00', 'PUNCHED OUT'),
(192, 22, '2018-06-04 01:34:00', '', '7', '2018-06-04 08:34:00', '2018-06-04 09:05:00', '', '7', '2018-06-04 16:05:00', 'PUNCHED OUT'),
(193, 11, '2018-06-04 03:03:00', 'Antar Jemput anak Sekolah', '7', '2018-06-04 10:03:00', '2018-06-04 09:52:00', '', '7', '2018-06-04 16:52:00', 'PUNCHED OUT'),
(194, 16, '2018-06-04 03:35:00', '', '7', '2018-06-04 10:35:00', '2018-06-04 09:11:00', '', '7', '2018-06-04 16:11:00', 'PUNCHED OUT'),
(195, 11, '2018-06-05 00:21:00', '', '7', '2018-06-05 07:21:00', '2018-06-05 09:16:00', '', '7', '2018-06-05 16:16:00', 'PUNCHED OUT'),
(196, 12, '2018-06-05 01:08:00', '', '7', '2018-06-05 08:08:00', '2018-06-05 09:35:00', '', '7', '2018-06-05 16:35:00', 'PUNCHED OUT'),
(197, 8, '2018-06-05 01:09:00', '', '7', '2018-06-05 08:09:00', '2018-06-05 09:34:00', '', '7', '2018-06-05 16:34:00', 'PUNCHED OUT'),
(198, 9, '2018-06-05 01:18:00', '', '7', '2018-06-05 08:18:00', '2018-06-05 09:34:00', '', '7', '2018-06-05 16:34:00', 'PUNCHED OUT'),
(199, 7, '2018-06-05 01:19:00', '', '7', '2018-06-05 08:19:00', '2018-06-05 09:34:00', '', '7', '2018-06-05 16:34:00', 'PUNCHED OUT'),
(200, 4, '2018-06-05 02:23:00', '', '7', '2018-06-05 09:23:00', '2018-06-08 02:33:00', '', '7', '2018-06-08 09:33:00', 'PUNCHED OUT'),
(201, 16, '2018-06-05 02:40:00', '', '7', '2018-06-05 09:40:00', '2018-06-07 03:35:00', '16.30', '7', '2018-06-07 10:35:00', 'PUNCHED OUT'),
(202, 13, '2018-06-05 05:38:00', 'izin untuk cetak tiket di stasiun pasar senen', '7', '2018-06-05 12:38:00', '2018-06-06 01:59:00', 'lupa punch out, pulang jam setengah 5 untuk bukber kantor', '7', '2018-06-06 08:59:00', 'PUNCHED OUT'),
(203, 12, '2018-06-06 00:33:00', '', '7', '2018-06-06 07:33:00', '2018-06-06 10:38:00', '', '7', '2018-06-06 17:38:00', 'PUNCHED OUT'),
(204, 8, '2018-06-06 01:13:00', '', '7', '2018-06-06 08:13:00', '2018-06-06 09:29:00', '', '7', '2018-06-06 16:29:00', 'PUNCHED OUT'),
(205, 9, '2018-06-06 01:13:00', '', '7', '2018-06-06 08:13:00', '2018-06-06 09:38:00', '', '7', '2018-06-06 16:38:00', 'PUNCHED OUT'),
(206, 13, '2018-06-06 01:59:00', 'ke bank dahulu', '7', '2018-06-06 08:59:00', '2018-06-06 10:15:00', '', '7', '2018-06-06 17:15:00', 'PUNCHED OUT'),
(207, 11, '2018-06-06 02:43:00', 'Sakit DIare', '7', '2018-06-06 09:43:00', '2018-06-06 09:10:00', '', '7', '2018-06-06 16:10:00', 'PUNCHED OUT'),
(208, 7, '2018-06-07 01:04:00', '', '7', '2018-06-07 08:04:00', '2018-06-07 10:42:00', '', '7', '2018-06-07 17:42:00', 'PUNCHED OUT'),
(209, 12, '2018-06-07 01:21:00', '', '7', '2018-06-07 08:21:00', '2018-06-07 12:31:00', '', '7', '2018-06-07 19:31:00', 'PUNCHED OUT'),
(210, 9, '2018-06-07 01:35:00', '', '7', '2018-06-07 08:35:00', '2018-06-07 10:42:00', '', '7', '2018-06-07 17:42:00', 'PUNCHED OUT'),
(211, 22, '2018-06-07 01:41:00', '', '7', '2018-06-07 08:41:00', '2018-06-07 09:08:00', '', '7', '2018-06-07 16:08:00', 'PUNCHED OUT'),
(212, 8, '2018-06-07 02:49:00', '', '7', '2018-06-07 09:49:00', '2018-06-07 12:31:00', '', '7', '2018-06-07 19:31:00', 'PUNCHED OUT'),
(213, 11, '2018-06-07 02:50:00', '', '7', '2018-06-07 09:50:00', '2018-06-08 02:31:00', '', '7', '2018-06-08 09:31:00', 'PUNCHED OUT'),
(214, 16, '2018-06-07 03:35:00', '', '7', '2018-06-07 10:35:00', '2018-06-07 10:43:00', '', '7', '2018-06-07 17:43:00', 'PUNCHED OUT'),
(215, 12, '2018-06-08 00:12:00', '', '7', '2018-06-08 07:12:00', '2018-06-11 01:33:00', '', '7', '2018-06-11 08:33:00', 'PUNCHED OUT'),
(216, 9, '2018-06-08 01:25:00', '', '7', '2018-06-08 08:25:00', '2018-06-08 09:32:00', '', '7', '2018-06-08 16:32:00', 'PUNCHED OUT'),
(217, 7, '2018-06-08 01:42:00', '', '7', '2018-06-08 08:42:00', '2018-06-08 09:05:00', '', '7', '2018-06-08 16:05:00', 'PUNCHED OUT'),
(218, 22, '2018-06-08 01:49:00', '', '7', '2018-06-08 08:49:00', '2018-06-08 08:50:00', '', '7', '2018-06-08 15:50:00', 'PUNCHED OUT'),
(219, 8, '2018-06-08 02:23:00', '', '7', '2018-06-08 09:23:00', '2018-06-08 09:05:00', 'Ke bank bni bayar bpjs kesehatan', '7', '2018-06-08 16:05:00', 'PUNCHED OUT'),
(220, 11, '2018-06-08 02:32:00', '', '7', '2018-06-08 09:32:00', '2018-06-12 02:46:00', '', '7', '2018-06-12 09:46:00', 'PUNCHED OUT'),
(221, 16, '2018-06-08 02:45:00', '', '7', '2018-06-08 09:45:00', '2018-06-09 06:02:00', '16.00', '7', '2018-06-09 13:02:00', 'PUNCHED OUT'),
(222, 13, '2018-06-11 01:02:00', '', '7', '2018-06-11 08:02:00', '2018-06-12 01:05:00', 'Lupa punch out, pulang pukul 15.35', '7', '2018-06-12 08:05:00', 'PUNCHED OUT'),
(223, 9, '2018-06-11 01:18:00', '', '7', '2018-06-11 08:18:00', '2018-06-11 09:30:00', '', '7', '2018-06-11 16:30:00', 'PUNCHED OUT'),
(224, 16, '2018-06-11 01:29:00', '', '7', '2018-06-11 08:29:00', '2018-06-11 08:44:00', '', '7', '2018-06-11 15:44:00', 'PUNCHED OUT'),
(225, 12, '2018-06-11 01:33:00', '', '7', '2018-06-11 08:33:00', '2018-06-11 09:13:00', '', '7', '2018-06-11 16:13:00', 'PUNCHED OUT'),
(226, 8, '2018-06-11 01:45:00', 'ke BCA untuk ambil uang THR Security Bina Mega', '7', '2018-06-11 08:45:00', '2018-06-11 09:11:00', '', '7', '2018-06-11 16:11:00', 'PUNCHED OUT'),
(227, 7, '2018-06-11 02:34:00', '', '7', '2018-06-11 09:34:00', '2018-06-11 09:11:00', '', '7', '2018-06-11 16:11:00', 'PUNCHED OUT'),
(228, 22, '2018-06-11 07:28:00', '', '7', '2018-06-11 14:28:00', '2018-06-11 09:07:00', '', '7', '2018-06-11 16:07:00', 'PUNCHED OUT'),
(229, 13, '2018-06-12 01:05:00', 'Sudah datang sejak pukul 07.45', '7', '2018-06-12 08:05:00', NULL, NULL, NULL, NULL, 'PUNCHED IN'),
(230, 7, '2018-06-12 01:22:00', '', '7', '2018-06-12 08:22:00', '2018-06-12 17:04:00', '', '7', '2018-06-13 00:04:00', 'PUNCHED OUT'),
(231, 8, '2018-06-12 01:31:00', '', '7', '2018-06-12 08:31:00', '2018-06-12 08:50:00', '', '7', '2018-06-12 15:50:00', 'PUNCHED OUT'),
(232, 11, '2018-06-12 02:46:00', 'Lupa Absen, Masuk Jam 9.', '7', '2018-06-12 09:46:00', '2018-06-12 08:49:00', '', '7', '2018-06-12 15:49:00', 'PUNCHED OUT'),
(233, 7, '2018-06-13 01:01:00', '', '7', '2018-06-13 08:01:00', '2018-06-13 09:02:00', '', '7', '2018-06-13 16:02:00', 'PUNCHED OUT'),
(234, 12, '2018-06-13 01:12:00', '', '7', '2018-06-13 08:12:00', NULL, NULL, NULL, NULL, 'PUNCHED IN'),
(235, 8, '2018-06-13 01:29:00', '', '7', '2018-06-13 08:29:00', '2018-06-13 09:13:00', '', '7', '2018-06-13 16:13:00', 'PUNCHED OUT'),
(236, 22, '2018-06-13 01:50:00', '', '7', '2018-06-13 08:50:00', '2018-06-13 09:04:00', '', '7', '2018-06-13 16:04:00', 'PUNCHED OUT'),
(237, 9, '2018-06-13 01:59:00', '', '7', '2018-06-13 08:59:00', '2018-06-13 09:13:00', '', '7', '2018-06-13 16:13:00', 'PUNCHED OUT'),
(238, 11, '2018-06-13 02:40:00', 'Masuk Jam 9:10\r\nPagi izin ke Bengkel Motor dl.', '7', '2018-06-13 09:40:00', '2018-06-13 09:04:00', '', '7', '2018-06-13 16:04:00', 'PUNCHED OUT'),
(239, 16, '2018-06-13 05:22:00', '', '7', '2018-06-13 12:22:00', '2018-06-21 03:02:00', '', '7', '2018-06-21 10:02:00', 'PUNCHED OUT'),
(240, 9, '2018-06-14 01:31:00', '', '7', '2018-06-14 08:31:00', '2018-06-14 10:06:00', '', '7', '2018-06-14 17:06:00', 'PUNCHED OUT'),
(241, 8, '2018-06-14 01:40:00', '', '7', '2018-06-14 08:40:00', '2018-06-14 09:47:00', '', '7', '2018-06-14 16:47:00', 'PUNCHED OUT'),
(242, 11, '2018-06-14 02:59:00', 'Pagi antar dokumen ke JNE Pusat', '7', '2018-06-14 09:59:00', '2018-06-14 07:33:00', '', '7', '2018-06-14 14:33:00', 'PUNCHED OUT'),
(243, 7, '2018-06-21 01:07:00', '', '7', '2018-06-21 08:07:00', '2018-06-21 10:06:00', '', '7', '2018-06-21 17:06:00', 'PUNCHED OUT'),
(244, 22, '2018-06-21 01:36:00', '', '7', '2018-06-21 08:36:00', '2018-06-21 10:11:00', '', '7', '2018-06-21 17:11:00', 'PUNCHED OUT'),
(245, 16, '2018-06-21 03:02:00', '', '7', '2018-06-21 10:02:00', '2018-06-21 08:22:00', '14.00', '7', '2018-06-21 15:22:00', 'PUNCHED OUT'),
(246, 9, '2018-06-22 02:04:00', '', '7', '2018-06-22 09:04:00', '2018-06-22 11:07:00', '', '7', '2018-06-22 18:07:00', 'PUNCHED OUT'),
(247, 22, '2018-06-22 02:32:00', '', '7', '2018-06-22 09:32:00', '2018-06-22 08:59:00', '', '7', '2018-06-22 15:59:00', 'PUNCHED OUT'),
(248, 8, '2018-06-22 02:41:00', 'Lupa Absen, dtg jam 8.45', '7', '2018-06-22 09:41:00', '2018-06-22 10:25:00', '', '7', '2018-06-22 17:25:00', 'PUNCHED OUT'),
(249, 7, '2018-06-25 01:10:00', '', '7', '2018-06-25 08:10:00', '2018-06-25 10:16:00', '', '7', '2018-06-25 17:16:00', 'PUNCHED OUT'),
(250, 9, '2018-06-25 01:37:00', '', '7', '2018-06-25 08:37:00', '2018-06-25 10:47:00', '', '7', '2018-06-25 17:47:00', 'PUNCHED OUT'),
(251, 11, '2018-06-25 01:38:00', 'Lupa Absen 08.20', '7', '2018-06-25 08:38:00', '2018-06-25 10:12:00', '', '7', '2018-06-25 17:12:00', 'PUNCHED OUT'),
(252, 16, '2018-06-25 02:02:00', '', '7', '2018-06-25 09:02:00', '2018-06-25 11:09:00', '17.07', '7', '2018-06-25 18:09:00', 'PUNCHED OUT'),
(253, 22, '2018-06-25 02:04:00', '', '7', '2018-06-25 09:04:00', '2018-06-25 10:02:00', '', '7', '2018-06-25 17:02:00', 'PUNCHED OUT'),
(254, 4, '2018-06-25 02:27:00', '', '7', '2018-06-25 09:27:00', '2018-06-25 10:16:00', '', '7', '2018-06-25 17:16:00', 'PUNCHED OUT'),
(255, 8, '2018-06-25 09:36:00', 'Lupa absen, dtg jam 12 karna ke puskesmas kec pasar minggu utk tes darah dan suntik caten', '7', '2018-06-25 16:36:00', '2018-06-25 10:13:00', '', '7', '2018-06-25 17:13:00', 'PUNCHED OUT'),
(256, 7, '2018-06-26 01:14:00', '', '7', '2018-06-26 08:14:00', '2018-06-28 00:56:00', '', '7', '2018-06-28 07:56:00', 'PUNCHED OUT'),
(257, 22, '2018-06-26 01:30:00', '', '7', '2018-06-26 08:30:00', '2018-06-26 10:31:00', '', '7', '2018-06-26 17:31:00', 'PUNCHED OUT'),
(258, 9, '2018-06-26 01:33:00', '', '7', '2018-06-26 08:33:00', '2018-06-26 10:36:00', '', '7', '2018-06-26 17:36:00', 'PUNCHED OUT'),
(259, 16, '2018-06-26 01:50:00', '', '7', '2018-06-26 08:50:00', '2018-06-26 08:37:00', '', '7', '2018-06-26 15:37:00', 'PUNCHED OUT'),
(260, 11, '2018-06-26 02:03:00', '', '7', '2018-06-26 09:03:00', '2018-06-26 10:25:00', '', '7', '2018-06-26 17:25:00', 'PUNCHED OUT'),
(261, 8, '2018-06-26 03:52:00', 'Izin mengurus berkas untuk KUA', '7', '2018-06-26 10:52:00', '2018-06-26 10:36:00', '', '7', '2018-06-26 17:36:00', 'PUNCHED OUT'),
(262, 4, '2018-06-26 03:52:00', 'Lupa absen. sampai jam 9.50', '7', '2018-06-26 10:52:00', NULL, NULL, NULL, NULL, 'PUNCHED IN'),
(263, 7, '2018-06-28 00:56:00', '', '7', '2018-06-28 07:56:00', '2018-06-28 10:03:00', '', '7', '2018-06-28 17:03:00', 'PUNCHED OUT'),
(264, 8, '2018-06-28 01:30:00', '', '7', '2018-06-28 08:30:00', '2018-06-28 10:38:00', '', '7', '2018-06-28 17:38:00', 'PUNCHED OUT'),
(265, 9, '2018-06-28 01:32:00', '', '7', '2018-06-28 08:32:00', '2018-06-28 10:34:00', '', '7', '2018-06-28 17:34:00', 'PUNCHED OUT'),
(266, 11, '2018-06-28 01:33:00', '', '7', '2018-06-28 08:33:00', '2018-06-28 10:38:00', '', '7', '2018-06-28 17:38:00', 'PUNCHED OUT'),
(267, 22, '2018-06-28 02:01:00', 'Lupa punch in @ 8:30', '7', '2018-06-28 09:01:00', '2018-06-28 10:04:00', '', '7', '2018-06-28 17:04:00', 'PUNCHED OUT'),
(268, 7, '2018-06-29 01:20:00', '', '7', '2018-06-29 08:20:00', '2018-06-29 10:22:00', '', '7', '2018-06-29 17:22:00', 'PUNCHED OUT'),
(269, 11, '2018-06-29 01:20:00', '', '7', '2018-06-29 08:20:00', '2018-06-29 10:15:00', '', '7', '2018-06-29 17:15:00', 'PUNCHED OUT'),
(270, 9, '2018-06-29 01:25:00', '', '7', '2018-06-29 08:25:00', '2018-06-29 10:36:00', '', '7', '2018-06-29 17:36:00', 'PUNCHED OUT'),
(271, 8, '2018-06-29 01:40:00', '', '7', '2018-06-29 08:40:00', '2018-07-03 01:39:00', 'Lupa Absen, Pulang jam 17.37', '7', '2018-07-03 08:39:00', 'PUNCHED OUT'),
(272, 22, '2018-06-29 02:30:00', '', '7', '2018-06-29 09:30:00', '2018-06-29 09:01:00', '', '7', '2018-06-29 16:01:00', 'PUNCHED OUT'),
(273, 7, '2018-07-02 01:11:00', '', '7', '2018-07-02 08:11:00', '2018-07-02 10:11:00', '', '7', '2018-07-02 17:11:00', 'PUNCHED OUT'),
(274, 9, '2018-07-02 01:29:00', '', '7', '2018-07-02 08:29:00', '2018-07-02 11:14:00', '', '7', '2018-07-02 18:14:00', 'PUNCHED OUT'),
(275, 16, '2018-07-02 01:50:00', '', '7', '2018-07-02 08:50:00', '2018-07-02 09:55:00', '', '7', '2018-07-02 16:55:00', 'PUNCHED OUT'),
(276, 22, '2018-07-02 02:03:00', '', '7', '2018-07-02 09:03:00', '2018-07-02 10:03:00', '', '7', '2018-07-02 17:03:00', 'PUNCHED OUT'),
(277, 11, '2018-07-02 07:00:00', 'Masuk jam 12:30.\r\nIzin Daftar Masuk SD Anak.', '7', '2018-07-02 14:00:00', '2018-07-02 10:26:00', '', '7', '2018-07-02 17:26:00', 'PUNCHED OUT'),
(278, 7, '2018-07-03 01:12:00', '', '7', '2018-07-03 08:12:00', '2018-07-03 10:15:00', '', '7', '2018-07-03 17:15:00', 'PUNCHED OUT'),
(279, 11, '2018-07-03 01:25:00', '', '7', '2018-07-03 08:25:00', '2018-07-03 10:35:00', '', '7', '2018-07-03 17:35:00', 'PUNCHED OUT'),
(280, 22, '2018-07-03 01:31:00', '', '7', '2018-07-03 08:31:00', '2018-07-03 10:06:00', '', '7', '2018-07-03 17:06:00', 'PUNCHED OUT'),
(281, 16, '2018-07-03 01:32:00', '', '7', '2018-07-03 08:32:00', '2018-07-04 01:59:00', '', '7', '2018-07-04 08:59:00', 'PUNCHED OUT'),
(282, 9, '2018-07-03 01:35:00', '', '7', '2018-07-03 08:35:00', '2018-07-03 10:50:00', '', '7', '2018-07-03 17:50:00', 'PUNCHED OUT'),
(283, 8, '2018-07-03 01:39:00', '', '7', '2018-07-03 08:39:00', '2018-07-03 10:39:00', '', '7', '2018-07-03 17:39:00', 'PUNCHED OUT'),
(284, 7, '2018-07-04 01:26:00', '', '7', '2018-07-04 08:26:00', '2018-07-05 01:15:00', '', '7', '2018-07-05 08:15:00', 'PUNCHED OUT'),
(285, 9, '2018-07-04 01:40:00', '', '7', '2018-07-04 08:40:00', '2018-07-04 10:56:00', '', '7', '2018-07-04 17:56:00', 'PUNCHED OUT'),
(286, 16, '2018-07-04 01:59:00', '', '7', '2018-07-04 08:59:00', '2018-07-09 02:27:00', '17.00', '7', '2018-07-09 09:27:00', 'PUNCHED OUT'),
(287, 22, '2018-07-04 02:20:00', '', '7', '2018-07-04 09:20:00', '2018-07-04 10:05:00', '', '7', '2018-07-04 17:05:00', 'PUNCHED OUT'),
(288, 8, '2018-07-04 02:20:00', 'Ke RS Pasming Check Up Gigi ', '7', '2018-07-04 09:20:00', '2018-07-04 10:35:00', '', '7', '2018-07-04 17:35:00', 'PUNCHED OUT'),
(289, 11, '2018-07-04 03:05:00', '', '7', '2018-07-04 10:05:00', '2018-07-04 11:12:00', '', '7', '2018-07-04 18:12:00', 'PUNCHED OUT'),
(290, 8, '2018-07-05 00:17:00', '', '7', '2018-07-05 07:17:00', '2018-07-05 09:38:00', '', '7', '2018-07-05 16:38:00', 'PUNCHED OUT'),
(291, 9, '2018-07-05 00:19:00', '', '7', '2018-07-05 07:19:00', '2018-07-05 09:23:00', '', '7', '2018-07-05 16:23:00', 'PUNCHED OUT'),
(292, 7, '2018-07-05 01:15:00', '', '7', '2018-07-05 08:15:00', '2018-07-05 10:52:00', '', '7', '2018-07-05 17:52:00', 'PUNCHED OUT'),
(293, 22, '2018-07-05 01:40:00', '', '7', '2018-07-05 08:40:00', '2018-07-06 00:12:00', '', '7', '2018-07-06 07:12:00', 'PUNCHED OUT'),
(294, 11, '2018-07-05 01:50:00', '', '7', '2018-07-05 08:50:00', '2018-07-05 10:26:00', '', '7', '2018-07-05 17:26:00', 'PUNCHED OUT'),
(295, 9, '2018-07-06 01:24:00', '', '7', '2018-07-06 08:24:00', '2018-07-06 11:53:00', '', '7', '2018-07-06 18:53:00', 'PUNCHED OUT'),
(296, 8, '2018-07-06 01:33:00', '', '7', '2018-07-06 08:33:00', '2018-07-06 11:52:00', '', '7', '2018-07-06 18:52:00', 'PUNCHED OUT'),
(297, 22, '2018-07-06 01:43:00', '', '7', '2018-07-06 08:43:00', '2018-07-06 09:37:00', '', '7', '2018-07-06 16:37:00', 'PUNCHED OUT'),
(298, 11, '2018-07-06 01:58:00', '', '7', '2018-07-06 08:58:00', '2018-07-06 11:19:00', '', '7', '2018-07-06 18:19:00', 'PUNCHED OUT'),
(299, 7, '2018-07-09 01:07:00', '', '7', '2018-07-09 08:07:00', '2018-07-09 10:12:00', '', '7', '2018-07-09 17:12:00', 'PUNCHED OUT'),
(300, 11, '2018-07-09 01:15:00', '', '7', '2018-07-09 08:15:00', '2018-07-09 11:30:00', '', '7', '2018-07-09 18:30:00', 'PUNCHED OUT'),
(301, 9, '2018-07-09 01:25:00', '', '7', '2018-07-09 08:25:00', '2018-07-09 11:29:00', '', '7', '2018-07-09 18:29:00', 'PUNCHED OUT'),
(302, 8, '2018-07-09 01:31:00', '', '7', '2018-07-09 08:31:00', '2018-07-09 11:30:00', '', '7', '2018-07-09 18:30:00', 'PUNCHED OUT'),
(303, 16, '2018-07-09 02:28:00', '08.50', '7', '2018-07-09 09:28:00', '2018-07-10 01:58:00', '17.00', '7', '2018-07-10 08:58:00', 'PUNCHED OUT'),
(304, 9, '2018-07-10 01:18:00', '', '7', '2018-07-10 08:18:00', '2018-07-10 10:30:00', '', '7', '2018-07-10 17:30:00', 'PUNCHED OUT'),
(305, 11, '2018-07-10 01:26:00', '', '7', '2018-07-10 08:26:00', '2018-07-10 10:28:00', '', '7', '2018-07-10 17:28:00', 'PUNCHED OUT'),
(306, 8, '2018-07-10 01:30:00', '', '7', '2018-07-10 08:30:00', '2018-07-10 10:37:00', '', '7', '2018-07-10 17:37:00', 'PUNCHED OUT'),
(307, 7, '2018-07-10 01:35:00', '', '7', '2018-07-10 08:35:00', '2018-07-10 10:34:00', '', '7', '2018-07-10 17:34:00', 'PUNCHED OUT'),
(308, 16, '2018-07-10 01:58:00', '08.45', '7', '2018-07-10 08:58:00', '2018-07-10 10:05:00', '', '7', '2018-07-10 17:05:00', 'PUNCHED OUT'),
(309, 23, '2018-07-10 02:22:00', '', '7', '2018-07-10 09:22:00', '2018-07-11 01:42:00', '', '7', '2018-07-11 08:42:00', 'PUNCHED OUT'),
(310, 7, '2018-07-11 01:32:00', '', '7', '2018-07-11 08:32:00', NULL, NULL, NULL, NULL, 'PUNCHED IN'),
(311, 8, '2018-07-11 01:33:00', '', '7', '2018-07-11 08:33:00', NULL, NULL, NULL, NULL, 'PUNCHED IN'),
(312, 23, '2018-07-11 01:42:00', '', '7', '2018-07-11 08:42:00', NULL, NULL, NULL, NULL, 'PUNCHED IN'),
(313, 11, '2018-07-11 01:45:00', '', '7', '2018-07-11 08:45:00', NULL, NULL, NULL, NULL, 'PUNCHED IN'),
(314, 16, '2018-07-11 01:48:00', '08.40', '7', '2018-07-11 08:48:00', NULL, NULL, NULL, NULL, 'PUNCHED IN'),
(315, 0, '2018-01-01 20:00:00', NULL, NULL, NULL, NULL, NULL, NULL, NULL, ''),
(316, 27, '0000-00-00 00:00:00', '', '7', '2018-06-12 18:05:00', '0000-00-00 00:00:00', 'TEPAT WAKTU', '', '2018-06-12 18:05:00', 'PUNCHED OUT'),
(317, 27, '0000-00-00 00:00:00', '', '7', '2018-06-12 18:05:00', '0000-00-00 00:00:00', 'TEPAT WAKTU', '', '2018-06-12 18:05:00', 'PUNCHED OUT'),
(318, 27, '0000-00-00 00:00:00', '', '7', '2018-06-12 18:05:00', '0000-00-00 00:00:00', 'TEPAT WAKTU', '', '2018-06-12 18:05:00', 'PUNCHED OUT'),
(319, 27, '0000-00-00 00:00:00', '', '7', '2018-06-12 18:05:00', '0000-00-00 00:00:00', 'TEPAT WAKTU', '', '2018-06-12 18:05:00', 'PUNCHED OUT'),
(320, 27, '0000-00-00 00:00:00', '', '7', '2018-06-12 18:05:00', '0000-00-00 00:00:00', 'TEPAT WAKTU', '', '2018-06-12 18:05:00', 'PUNCHED OUT'),
(321, 27, '0000-00-00 00:00:00', '', '7', '2018-06-12 18:05:00', '0000-00-00 00:00:00', 'TEPAT WAKTU', '', '2018-06-12 18:05:00', 'PUNCHED OUT'),
(322, 27, '0000-00-00 00:00:00', '', '7', '2018-06-12 18:05:00', '0000-00-00 00:00:00', 'TEPAT WAKTU', '', '2018-06-12 18:05:00', 'PUNCHED OUT'),
(323, 27, '0000-00-00 00:00:00', '', '7', '2018-06-12 18:05:00', '0000-00-00 00:00:00', 'TEPAT WAKTU', '', '2018-06-12 18:05:00', 'PUNCHED OUT'),
(324, 27, '0000-00-00 00:00:00', '', '7', '2018-06-12 18:05:00', '0000-00-00 00:00:00', 'TEPAT WAKTU', '', '2018-06-12 18:05:00', 'PUNCHED OUT'),
(325, 27, '0000-00-00 00:00:00', '', '7', '2018-06-12 18:05:00', '0000-00-00 00:00:00', 'TEPAT WAKTU', '', '2018-06-12 18:05:00', 'PUNCHED OUT'),
(326, 27, '0000-00-00 00:00:00', '', '7', '2018-06-12 18:05:00', '0000-00-00 00:00:00', 'TEPAT WAKTU', '', '2018-06-12 18:05:00', 'PUNCHED OUT'),
(327, 27, '0000-00-00 00:00:00', '', '7', '2018-06-12 18:05:00', '0000-00-00 00:00:00', 'TEPAT WAKTU', '', '2018-06-12 18:05:00', 'PUNCHED OUT'),
(328, 27, '0000-00-00 00:00:00', '', '7', '2018-06-12 18:05:00', '0000-00-00 00:00:00', 'TEPAT WAKTU', '', '2018-06-12 18:05:00', 'PUNCHED OUT'),
(329, 27, '0000-00-00 00:00:00', '', '7', '2018-06-12 18:05:00', '0000-00-00 00:00:00', 'TEPAT WAKTU', '', '2018-06-12 18:05:00', 'PUNCHED OUT'),
(330, 27, '0000-00-00 00:00:00', '', '7', '2018-06-12 18:05:00', '0000-00-00 00:00:00', 'TEPAT WAKTU', '', '2018-06-12 18:05:00', 'PUNCHED OUT'),
(331, 27, '0000-00-00 00:00:00', '', '7', '2018-06-12 18:05:00', '0000-00-00 00:00:00', 'TEPAT WAKTU', '', '2018-06-12 18:05:00', 'PUNCHED OUT'),
(332, 27, '0000-00-00 00:00:00', '', '7', '2018-06-12 18:05:00', '0000-00-00 00:00:00', 'TEPAT WAKTU', '', '2018-06-12 18:05:00', 'PUNCHED OUT'),
(333, 27, '0000-00-00 00:00:00', '', '7', '2018-06-12 18:05:00', '0000-00-00 00:00:00', 'TEPAT WAKTU', '', '2018-06-12 18:05:00', 'PUNCHED OUT'),
(334, 27, '0000-00-00 00:00:00', '', '7', '2018-06-12 18:05:00', '0000-00-00 00:00:00', 'TEPAT WAKTU', '', '2018-06-12 18:05:00', 'PUNCHED OUT'),
(335, 27, '0000-00-00 00:00:00', '', '7', '2018-06-12 18:05:00', '0000-00-00 00:00:00', 'TEPAT WAKTU', '', '2018-06-12 18:05:00', 'PUNCHED OUT'),
(336, 27, '0000-00-00 00:00:00', '', '7', '2018-06-12 18:05:00', '0000-00-00 00:00:00', 'TEPAT WAKTU', '', '2018-06-12 18:05:00', 'PUNCHED OUT'),
(337, 27, '0000-00-00 00:00:00', '', '7', '2018-06-12 18:05:00', '0000-00-00 00:00:00', 'TEPAT WAKTU', '', '2018-06-12 18:05:00', 'PUNCHED OUT'),
(338, 27, '0000-00-00 00:00:00', '', '7', '2018-06-12 18:05:00', '0000-00-00 00:00:00', 'TEPAT WAKTU', '', '2018-06-12 18:05:00', 'PUNCHED OUT'),
(339, 27, '0000-00-00 00:00:00', '', '7', '2018-06-12 18:05:00', '0000-00-00 00:00:00', 'TEPAT WAKTU', '', '2018-06-12 18:05:00', 'PUNCHED OUT'),
(340, 27, '0000-00-00 00:00:00', '', '7', '2018-06-12 18:05:00', '0000-00-00 00:00:00', 'TEPAT WAKTU', '', '2018-06-12 18:05:00', 'PUNCHED OUT'),
(341, 27, '0000-00-00 00:00:00', '', '7', '2018-06-12 18:05:00', '0000-00-00 00:00:00', 'TEPAT WAKTU', '', '2018-06-12 18:05:00', 'PUNCHED OUT'),
(342, 27, '2018-06-12 18:05:00', '', '7', '2018-06-12 18:05:00', '0000-00-00 00:00:00', 'TEPAT WAKTU', '', '2018-06-12 18:05:00', 'PUNCHED OUT'),
(343, 27, '2018-06-12 18:05:00', '', '7', '2018-06-12 18:05:00', '2018-06-12 18:05:00', 'TEPAT WAKTU', '', '2018-06-12 18:05:00', 'PUNCHED OUT'),
(344, 27, '2018-06-12 18:05:00', '', '7', '2018-06-12 18:05:00', '2018-06-12 18:05:00', 'TEPAT WAKTU', '', '2018-06-12 18:05:00', 'PUNCHED OUT'),
(345, 27, '2018-06-12 18:05:00', '', '7', '2018-06-12 18:05:00', '2018-06-12 18:05:00', 'TEPAT WAKTU', '', '2018-06-12 18:05:00', 'PUNCHED OUT'),
(346, 27, '2018-06-12 18:05:00', '', '7', '2018-06-12 18:05:00', '2018-06-12 18:05:00', 'TEPAT WAKTU', '', '2018-06-12 18:05:00', 'PUNCHED OUT'),
(347, 27, '2018-06-12 18:05:00', '', '7', '2018-06-12 18:05:00', '2018-06-12 18:05:00', 'TEPAT WAKTU', '', '2018-06-12 18:05:00', 'PUNCHED OUT'),
(348, 27, '2018-06-12 18:05:00', '', '7', '2018-06-12 18:05:00', '2018-06-12 18:05:00', 'TEPAT WAKTU', '', '2018-06-12 18:05:00', 'PUNCHED OUT'),
(349, 27, '2018-06-12 18:05:00', '', '7', '2018-06-12 18:05:00', '2018-06-12 18:05:00', 'TEPAT WAKTU', '', '2018-06-12 18:05:00', 'PUNCHED OUT'),
(350, 27, '2018-06-12 18:05:00', '', '7', '2018-06-12 18:05:00', '2018-06-12 18:05:00', 'TEPAT WAKTU', '', '2018-06-12 18:05:00', 'PUNCHED OUT'),
(351, 27, '2018-06-12 18:05:00', '', '7', '2018-06-12 18:05:00', '2018-06-12 18:05:00', 'TEPAT WAKTU', '', '2018-06-12 18:05:00', 'PUNCHED OUT'),
(352, 27, '2018-06-12 18:05:00', '', '7', '2018-06-12 18:05:00', '2018-06-12 18:05:00', 'TEPAT WAKTU', '', '2018-06-12 18:05:00', 'PUNCHED OUT'),
(353, 27, '2018-06-12 18:05:00', '', '7', '2018-06-12 18:05:00', '2018-06-12 18:05:00', 'TEPAT WAKTU', '', '2018-06-12 18:05:00', 'PUNCHED OUT'),
(354, 27, '2018-06-12 13:05:00', '', '7', '2018-06-12 18:05:00', '2018-06-12 18:05:00', 'TEPAT WAKTU', '', '2018-06-12 18:05:00', 'PUNCHED OUT'),
(355, 27, '2018-06-12 11:05:00', '', '7', '2018-06-12 18:05:00', '2018-06-12 11:05:00', 'TEPAT WAKTU', '', '2018-06-12 18:05:00', 'PUNCHED OUT'),
(356, 27, '2018-06-12 11:05:00', '', '7', '2018-06-12 18:05:00', '2018-06-12 11:05:00', 'TEPAT WAKTU', '', '2018-06-12 18:05:00', 'PUNCHED OUT'),
(357, 28, '2018-06-13 04:11:00', 'Shkskes', '7', '2018-06-13 11:11:00', '2018-06-13 04:11:00', 'Sgmgskdgj', '', '2018-06-13 11:11:00', 'PUNCHED OUT'),
(358, 27, '2018-06-13 04:17:00', '', '7', '2018-06-13 11:17:00', '2018-06-13 04:17:00', 'sholat jumat', '7', '2018-06-13 11:17:00', 'PUNCHED OUT'),
(359, 28, '2018-06-13 04:26:00', '', '7', '2018-06-13 11:26:00', '2018-06-13 04:27:00', '', '7', '2018-06-13 11:27:00', 'PUNCHED OUT'),
(360, 28, '2018-06-13 04:27:00', 'Test', '7', '2018-06-13 11:27:00', '2018-06-13 04:27:00', 'Sholat jumat', '7', '2018-06-13 11:27:00', 'PUNCHED OUT'),
(361, 27, '2018-06-13 06:28:00', 'Macet', '7', '2018-06-13 13:28:00', '2018-06-13 06:28:00', 'Makan', '7', '2018-06-13 13:28:00', 'PUNCHED OUT');
INSERT INTO `ohrm_attendance_record` (`id`, `employee_id`, `punch_in_utc_time`, `punch_in_note`, `punch_in_time_offset`, `punch_in_user_time`, `punch_out_utc_time`, `punch_out_note`, `punch_out_time_offset`, `punch_out_user_time`, `state`) VALUES
(362, 28, '2018-06-13 07:30:00', '', '7', '2018-06-13 14:30:00', '2018-06-13 07:30:00', 'Rjrjrj', '7', '2018-06-13 14:30:00', 'PUNCHED OUT'),
(363, 28, '2018-06-13 07:35:00', '', '7', '2018-06-13 14:35:00', '2018-06-13 07:37:00', 'Ada urusan ', '7', '2018-06-13 14:37:00', 'PUNCHED OUT'),
(364, 28, '2018-06-13 07:58:00', '', '7', '2018-06-13 14:58:00', '2018-06-13 07:58:00', '', '7', '2018-06-13 14:58:00', 'PUNCHED OUT'),
(365, 27, '2018-06-13 08:02:00', '', '7', '2018-06-13 15:02:00', '2018-06-13 08:32:00', '', '7', '2018-06-13 15:32:00', 'PUNCHED OUT'),
(366, 27, '2018-06-13 08:35:00', '', '7', '2018-06-13 15:35:00', '2018-06-13 08:38:00', '', '7', '2018-06-13 15:38:00', 'PUNCHED OUT'),
(367, 27, '2018-06-13 08:38:00', '', '7', '2018-06-13 15:38:00', '2018-06-13 08:38:00', '', '7', '2018-06-13 15:38:00', 'PUNCHED OUT'),
(368, 27, '2018-06-13 09:09:00', 'ada urusan', '7', '2018-06-13 16:09:00', '2018-06-13 09:09:00', 'ada urusan', '7', '2018-06-13 16:09:00', 'PUNCHED OUT'),
(369, 27, '2018-06-13 10:48:00', '', '7', '2018-06-13 17:48:00', '2018-06-13 10:52:00', 'TEPAT WAKTU', '', '2018-06-13 17:52:00', 'PUNCHED OUT'),
(370, 27, '2018-06-13 10:53:00', '', '7', '2018-06-13 17:53:00', '2018-06-13 10:54:00', '', '7', '2018-06-13 17:54:00', 'PUNCHED OUT'),
(371, 28, '2018-06-13 10:56:00', '', '7', '2018-06-13 17:56:00', '2018-06-13 10:57:00', 'TEPAT WAKTU', '', '2018-06-13 17:57:00', 'PUNCHED OUT'),
(372, 28, '2018-06-13 11:00:00', '', '7', '2018-06-13 18:00:00', '2018-06-13 11:00:00', 'TEPAT WAKTU', '', '2018-06-13 18:00:00', 'PUNCHED OUT'),
(373, 28, '2018-06-13 11:00:00', '', '7', '2018-06-13 18:00:00', '2018-06-13 11:00:00', 'TEPAT WAKTU', '', '2018-06-13 18:00:00', 'PUNCHED OUT'),
(374, 28, '2018-06-16 08:26:00', '', '7', '2018-06-16 15:26:00', '2018-06-16 08:28:00', 'vdsvsd', '7', '2018-06-16 15:28:00', 'PUNCHED OUT'),
(375, 28, '2018-06-16 08:35:00', 'gfjhgjkh', '7', '2018-06-16 15:35:00', '2018-06-16 08:36:00', 'dghjgfnjfgnhg', '7', '2018-06-16 15:36:00', 'PUNCHED OUT'),
(376, 27, '2018-06-12 11:05:00', '', '7', '2018-06-12 18:05:00', '2018-06-12 11:05:00', 'TEPAT WAKTU', '', '2018-06-12 18:05:00', 'PUNCHED OUT'),
(377, 27, '2018-06-16 09:07:00', 'Macet', '7', '2018-06-16 16:07:00', '2018-06-16 09:07:00', 'Takut Macet', '7', '2018-06-16 16:07:00', 'PUNCHED OUT'),
(378, 27, '2018-06-16 09:15:00', '', '7', '2018-06-16 16:15:00', '2018-06-16 09:15:00', '', '7', '2018-06-16 16:15:00', 'PUNCHED OUT'),
(379, 27, '2018-06-16 09:23:00', '', '7', '2018-06-16 16:23:00', '2018-06-16 09:24:00', 'TEPAT WAKTU', '', '2018-06-16 16:24:00', 'PUNCHED OUT'),
(380, 27, '2018-06-16 09:25:00', '', '7', '2018-06-16 16:25:00', '2018-06-16 09:26:00', 'TEPAT WAKTU', '', '2018-06-16 16:26:00', 'PUNCHED OUT'),
(381, 27, '2018-06-16 09:26:00', '', '7', '2018-06-16 16:26:00', '2018-06-16 09:27:00', '', '7', '2018-06-16 16:27:00', 'PUNCHED OUT'),
(382, 27, '2018-06-16 09:27:00', '', '7', '2018-06-16 16:27:00', '2018-06-16 09:28:00', '', '7', '2018-06-16 16:28:00', 'PUNCHED OUT'),
(383, 27, '2018-06-16 09:28:00', '', '7', '2018-06-16 16:28:00', '2018-06-16 09:28:00', '', '7', '2018-06-16 16:28:00', 'PUNCHED OUT'),
(384, 27, '2018-06-16 09:51:00', '', '7', '2018-06-16 16:51:00', '2018-06-16 09:51:00', '', '7', '2018-06-16 16:51:00', 'PUNCHED OUT'),
(385, 27, '2018-06-16 10:08:00', '', '7', '2018-06-16 17:08:00', '2018-06-16 10:08:00', '', '7', '2018-06-16 17:08:00', 'PUNCHED OUT'),
(386, 27, '2018-05-29 10:09:00', '', '7', '2018-05-29 17:09:00', '2018-05-29 10:09:00', '', '7', '2018-05-29 17:09:00', 'PUNCHED OUT'),
(387, 27, '2018-05-29 10:11:00', '', '7', '2018-05-29 17:11:00', '2018-05-29 10:11:00', '', '7', '2018-05-29 17:11:00', 'PUNCHED OUT'),
(388, 27, '2018-05-29 10:41:00', '', '7', '2018-05-29 17:41:00', '2018-05-29 10:41:00', '', '7', '2018-05-29 17:41:00', 'PUNCHED OUT'),
(389, 27, '2018-05-29 11:00:00', 'maap bos', '7', '2018-05-29 18:00:00', '2018-05-29 11:00:00', 'TEPAT WAKTU', '', '2018-05-29 18:00:00', 'PUNCHED OUT'),
(390, 27, '2018-05-30 03:28:00', 'Macet', '7', '2018-05-30 10:28:00', '2018-05-30 03:28:00', 'makan', '7', '2018-05-30 10:28:00', 'PUNCHED OUT'),
(391, 27, '0000-00-00 00:00:00', '', '7', '0000-00-00 00:00:00', '0000-00-00 00:00:00', '', '7', '0000-00-00 00:00:00', 'PUNCHED OUT'),
(392, 0, '2018-07-17 08:36:00', '', '7', '2018-07-17 15:36:00', '2018-07-17 08:36:00', '', '7', '2018-07-17 15:36:00', 'PUNCHED OUT'),
(393, 27, '2018-07-17 08:39:00', '', '7', '2018-07-17 15:39:00', '2018-07-17 08:39:00', '', '7', '2018-07-17 15:39:00', 'PUNCHED OUT'),
(394, 27, '2018-07-17 09:00:00', 'telat', '7', '2018-07-17 16:00:00', '2018-07-17 09:00:00', 'takut macet', '7', '2018-07-17 16:00:00', 'PUNCHED OUT'),
(395, 28, '2018-07-18 10:06:00', 'Kesiangan', '7', '2018-07-18 17:06:00', '2018-07-18 10:06:00', 'Macet', '7', '2018-07-18 17:06:00', 'PUNCHED OUT'),
(396, 28, '2018-07-17 10:09:00', 'Lupa', '7', '2018-07-17 17:09:00', '2018-07-17 10:09:00', 'Lupa', '7', '2018-07-17 17:09:00', 'PUNCHED OUT'),
(397, 28, '2018-07-17 10:36:00', 'Test', '7', '2018-07-17 17:36:00', '2018-07-17 10:37:00', 'Test', '7', '2018-07-17 17:37:00', 'PUNCHED OUT'),
(398, 27, '2018-07-17 10:40:00', '', '7', '2018-07-17 17:40:00', '2018-07-17 10:42:00', 'TEPAT WAKTU', '', '2018-07-17 17:42:00', 'PUNCHED OUT'),
(399, 28, '2018-07-17 10:46:00', 'Ggg', '7', '2018-07-17 17:46:00', '2018-07-17 10:47:00', 'TEPAT WAKTU', '', '2018-07-17 17:47:00', 'PUNCHED OUT'),
(400, 27, '2018-07-17 10:42:00', '', '7', '2018-07-17 17:42:00', '2018-07-17 10:51:00', 'TEPAT WAKTU', '', '2018-07-17 17:51:00', 'PUNCHED OUT'),
(401, 28, '2018-07-17 10:57:00', '', '7', '2018-07-17 17:57:00', '2018-07-17 11:01:00', 'TEPAT WAKTU', '', '2018-07-17 18:01:00', 'PUNCHED OUT'),
(402, 28, '2018-07-17 11:02:00', '', '7', '2018-07-17 18:02:00', '2018-07-17 11:02:00', 'TEPAT WAKTU', '', '2018-07-17 18:02:00', 'PUNCHED OUT'),
(403, 28, '2018-07-17 11:03:00', 'Halo', '7', '2018-07-17 18:03:00', '2018-07-17 11:03:00', 'TEPAT WAKTU', '', '2018-07-17 18:03:00', 'PUNCHED OUT'),
(404, 28, '2018-07-18 02:10:00', '', '7', '2018-07-18 09:10:00', '2018-07-18 02:10:00', '', '7', '2018-07-18 09:10:00', 'PUNCHED OUT'),
(405, 27, '2018-07-18 02:10:00', '', '7', '2018-07-18 09:10:00', '2018-07-18 02:10:00', '', '7', '2018-07-18 09:10:00', 'PUNCHED OUT'),
(406, 28, '2018-07-18 02:11:00', '', '7', '2018-07-18 09:11:00', '2018-07-18 02:11:00', '', '7', '2018-07-18 09:11:00', 'PUNCHED OUT'),
(407, 27, '2018-07-18 04:15:00', '', '7', '2018-07-18 11:15:00', '2018-07-18 04:20:00', '', '7', '2018-07-18 11:20:00', 'PUNCHED OUT'),
(408, 27, '2018-07-18 04:28:00', '', '7', '2018-07-18 11:28:00', '2018-07-18 04:28:00', '', '7', '2018-07-18 11:28:00', 'PUNCHED OUT'),
(409, 27, '2018-07-18 04:28:00', '', '7', '2018-07-18 11:28:00', '2018-07-18 04:28:00', '', '7', '2018-07-18 11:28:00', 'PUNCHED OUT'),
(410, 27, '2018-07-18 05:08:00', '', '7', '2018-07-18 12:08:00', '2018-07-18 05:08:00', '', '7', '2018-07-18 12:08:00', 'PUNCHED OUT'),
(411, 27, '2018-07-18 07:03:00', '', '7', '2018-07-18 14:03:00', '2018-07-18 07:15:00', '', '7', '2018-07-18 14:15:00', 'PUNCHED OUT'),
(412, 27, '2018-07-18 07:11:00', '', '7', '2018-07-18 14:11:00', '2018-07-18 07:15:00', '', '7', '2018-07-18 14:15:00', 'PUNCHED OUT'),
(413, 27, '2018-07-18 07:20:00', '', '7', '2018-07-18 14:20:00', '2018-07-18 07:20:00', '', '7', '2018-07-18 14:20:00', 'PUNCHED OUT'),
(414, 27, '2018-07-18 07:22:00', '', '7', '2018-07-18 14:22:00', '2018-07-18 07:23:00', '', '7', '2018-07-18 14:23:00', 'PUNCHED OUT'),
(415, 27, '2018-07-18 07:25:00', '', '7', '2018-07-18 14:25:00', '2018-07-18 07:43:00', '', '7', '2018-07-18 14:43:00', 'PUNCHED OUT'),
(416, 27, '2018-07-18 07:46:00', '', '7', '2018-07-18 14:46:00', '2018-07-18 07:47:00', '', '7', '2018-07-18 14:47:00', 'PUNCHED OUT'),
(417, 28, '2018-07-19 05:06:00', 'Y', '7', '2018-07-19 12:06:00', '2018-07-19 05:06:00', 'R', '7', '2018-07-19 12:06:00', 'PUNCHED OUT'),
(418, 28, '2018-07-19 05:12:00', '', '7', '2018-07-19 12:12:00', '2018-07-19 05:12:00', '', '7', '2018-07-19 12:12:00', 'PUNCHED OUT'),
(419, 0, '2018-07-31 10:08:00', '', '7', '2018-07-31 17:08:00', '2018-07-31 10:08:00', 'TEPAT WAKTU', '', '2018-07-31 17:08:00', 'PUNCHED OUT'),
(420, 0, '2018-07-31 10:08:00', '', '7', '2018-07-31 17:08:00', '2018-07-31 10:08:00', 'TEPAT WAKTU', '', '2018-07-31 17:08:00', 'PUNCHED OUT'),
(421, 0, '2018-07-31 10:09:00', '', '7', '2018-07-31 17:09:00', '2018-07-31 10:09:00', 'TEPAT WAKTU', '', '2018-07-31 17:09:00', 'PUNCHED OUT'),
(422, 0, '2018-07-31 10:09:00', '', '7', '2018-07-31 17:09:00', '2018-07-31 10:10:00', 'TEPAT WAKTU', '', '2018-07-31 17:10:00', 'PUNCHED OUT'),
(423, 0, '2018-07-31 10:10:00', '', '7', '2018-07-31 17:10:00', '2018-07-31 10:11:00', 'TEPAT WAKTU', '', '2018-07-31 17:11:00', 'PUNCHED OUT'),
(424, 0, '2018-07-31 10:11:00', '', '7', '2018-07-31 17:11:00', '2018-07-31 10:14:00', 'TEPAT WAKTU', '', '2018-07-31 17:14:00', 'PUNCHED OUT'),
(425, 0, '2018-07-31 10:14:00', '', '7', '2018-07-31 17:14:00', '2018-07-31 10:15:00', 'TEPAT WAKTU', '', '2018-07-31 17:15:00', 'PUNCHED OUT'),
(426, 0, '2018-07-31 10:15:00', '', '7', '2018-07-31 17:15:00', '2018-07-31 10:15:00', 'TEPAT WAKTU', '', '2018-07-31 17:15:00', 'PUNCHED OUT'),
(427, 0, '2018-07-31 10:15:00', '', '7', '2018-07-31 17:15:00', '2018-07-31 10:17:00', 'TEPAT WAKTU', '', '2018-07-31 17:17:00', 'PUNCHED OUT'),
(428, 0, '2018-07-31 10:17:00', '', '7', '2018-07-31 17:17:00', '2018-07-31 10:18:00', 'TEPAT WAKTU', '', '2018-07-31 17:18:00', 'PUNCHED OUT'),
(429, 0, '2018-07-31 10:18:00', '', '7', '2018-07-31 17:18:00', '2018-07-31 10:18:00', 'TEPAT WAKTU', '', '2018-07-31 17:18:00', 'PUNCHED OUT'),
(430, 0, '2018-07-31 10:19:00', '', '7', '2018-07-31 17:19:00', '2018-07-31 10:19:00', 'TEPAT WAKTU', '', '2018-07-31 17:19:00', 'PUNCHED OUT'),
(431, 0, '2018-07-31 10:21:00', '', '7', '2018-07-31 17:21:00', '2018-07-31 10:21:00', 'TEPAT WAKTU', '', '2018-07-31 17:21:00', 'PUNCHED OUT'),
(432, 0, '2018-07-31 10:21:00', '', '7', '2018-07-31 17:21:00', '2018-07-31 10:24:00', 'TEPAT WAKTU', '', '2018-07-31 17:24:00', 'PUNCHED OUT'),
(433, 27, '2018-07-31 10:24:00', '', '7', '2018-07-31 17:24:00', '2018-07-31 02:40:00', '', '7', '2018-07-31 09:40:00', 'PUNCHED OUT'),
(434, 27, '2018-08-01 02:39:00', '', '7', '2018-08-01 09:39:00', '2018-08-01 03:22:00', '', '7', '2018-08-01 10:22:00', 'PUNCHED OUT');

-- --------------------------------------------------------

--
-- Struktur dari tabel `test`
--

CREATE TABLE `test` (
  `email` varchar(200) NOT NULL,
  `nama` text NOT NULL,
  `tanggal` int(11) NOT NULL,
  `bulan` int(11) NOT NULL,
  `tahun` int(11) NOT NULL,
  `jam_datang` int(11) NOT NULL,
  `menit_datang` int(11) NOT NULL,
  `jam_pulang` int(11) NOT NULL,
  `menit_pulang` int(11) NOT NULL,
  `keterangan` varchar(254) NOT NULL
) ENGINE=InnoDB DEFAULT CHARSET=utf8;

--
-- Dumping data untuk tabel `test`
--

INSERT INTO `test` (`email`, `nama`, `tanggal`, `bulan`, `tahun`, `jam_datang`, `menit_datang`, `jam_pulang`, `menit_pulang`, `keterangan`) VALUES
('', '', 0, 0, 0, 0, 0, 0, 0, ''),
('', '', 0, 0, 0, 0, 0, 0, 0, ''),
('', '', 0, 0, 0, 0, 0, 0, 0, ''),
('cimenkbanok69@gmail.com', 'Cimenk Banok', 9, 6, 2018, 14, 52, 14, 52, ''),
('cimenkbanok69@gmail.com', 'Cimenk Banok', 9, 6, 2018, 14, 56, 14, 57, ''),
('cimenkbanok69@gmail.com', 'Cimenk Banok', 9, 6, 2018, 14, 58, 14, 58, 'TEPAT WAKTU'),
('cimenkbanok69@gmail.com', 'Cimenk Banok', 9, 6, 2018, 14, 59, 14, 59, ''),
('cimenkbanok69@gmail.com', 'Cimenk Banok', 9, 6, 2018, 15, 1, 15, 1, 'Btbtnu'),
('aftahpasha@gmail.com', 'Aftah Pasha', 9, 6, 2018, 15, 21, 15, 21, ''),
('aftahpasha@gmail.com', 'Aftah Pasha', 9, 6, 2018, 15, 38, 15, 41, 'TEPAT WAKTU'),
('aftahpasha@gmail.com', 'Aftah Pasha', 9, 6, 2018, 15, 41, 15, 42, 'TEPAT WAKTU'),
('aftahpasha@gmail.com', 'Aftah Pasha', 9, 6, 2018, 15, 42, 15, 42, 'TEPAT WAKTU'),
('aftahpasha@gmail.com', 'Aftah Pasha', 9, 6, 2018, 15, 44, 15, 44, 'TEPAT WAKTU'),
('aftahpasha@gmail.com', 'Aftah Pasha', 9, 6, 2018, 15, 45, 15, 45, 'TEPAT WAKTU'),
('cimenkbanok69@gmail.com', 'Cimenk Banok', 9, 6, 2018, 17, 12, 17, 13, 'TEPAT WAKTU'),
('aftahpasha@gmail.com', 'Aftah Pasha', 9, 6, 2018, 16, 47, 17, 19, 'TEPAT WAKTU'),
('cimenkbanok69@gmail.com', 'Cimenk Banok', 9, 6, 2018, 17, 16, 19, 20, 'TEPAT WAKTU'),
('cimenkbanok69@gmail.com', 'Cimenk Banok', 9, 6, 2018, 19, 36, 17, 39, 'TEPAT WAKTU'),
('aftahpasha@gmail.com', 'Aftah Pasha', 10, 6, 2018, 9, 45, 9, 46, 'test'),
('aftahpasha@gmail.com', 'Aftah Pasha', 10, 6, 2018, 9, 47, 9, 47, 'TEPAT WAKTU'),
('aftahpasha@gmail.com', 'Aftah Pasha', 10, 6, 2018, 9, 48, 9, 48, 'TEPAT WAKTU'),
('aftahpasha@gmail.com', 'Aftah Pasha', 10, 6, 2018, 10, 15, 10, 15, 'TEPAT WAKTU'),
('aftahpasha@gmail.com', 'Aftah Pasha', 10, 6, 2018, 10, 16, 10, 16, ''),
('aftahpasha@gmail.com', 'Aftah Pasha', 10, 6, 2018, 10, 17, 10, 17, 'TEPAT WAKTU'),
('aftahpasha@gmail.com', 'Aftah Pasha', 10, 6, 2018, 10, 28, 10, 28, 'TEPAT WAKTU'),
('aftahpasha@gmail.com', 'Aftah Pasha', 10, 6, 2018, 10, 28, 10, 28, 'TEPAT WAKTU'),
('aftahpasha@gmail.com', 'Aftah Pasha', 10, 6, 2018, 10, 29, 10, 39, 'TEPAT WAKTU'),
('aftahpasha@gmail.com', 'Aftah Pasha', 10, 6, 2018, 10, 46, 10, 46, 'blablabla'),
('cimenkbanok69@gmail.com', 'Cimenk Banok', 10, 6, 2018, 10, 48, 10, 48, 'Lol'),
('cimenkbanok69@gmail.com', 'Cimenk Banok', 10, 6, 2018, 10, 51, 10, 51, ' Uin'),
('aftahpasha@gmail.com', 'Aftah Pasha', 10, 6, 2018, 11, 3, 11, 3, ''),
('aftahpasha@gmail.com', 'Aftah Pasha', 10, 6, 2018, 11, 5, 11, 13, ''),
('aftahpasha@gmail.com', 'Aftah Pasha', 10, 6, 2018, 11, 14, 11, 14, ''),
('aftahpasha@gmail.com', 'Aftah Pasha', 10, 6, 2018, 11, 15, 11, 15, ''),
('aftahpasha@gmail.com', 'Aftah Pasha', 10, 6, 2018, 11, 19, 11, 19, ''),
('aftahpasha@gmail.com', 'Aftah Pasha', 10, 6, 2018, 13, 24, 13, 24, 'blablabla'),
('aftahpasha@gmail.com', 'Aftah Pasha', 11, 6, 2018, 9, 33, 9, 37, ''),
('aftahpasha@gmail.com', 'Aftah Pasha', 11, 6, 2018, 9, 37, 9, 37, ''),
('aftahpasha@gmail.com', 'Aftah Pasha', 11, 6, 2018, 9, 41, 9, 41, ''),
('aftahpasha@gmail.com', 'Aftah Pasha', 11, 6, 2018, 13, 13, 13, 20, 'makan'),
('aftahpasha@gmail.com', 'Aftah Pasha', 11, 6, 2018, 13, 20, 13, 21, ''),
('aftahpasha@gmail.com', 'Aftah Pasha', 11, 6, 2018, 13, 21, 13, 24, ''),
('aftahpasha@gmail.com', 'Aftah Pasha', 11, 6, 2018, 13, 24, 13, 24, ''),
('aftahpasha@gmail.com', 'Aftah Pasha', 11, 6, 2018, 17, 18, 17, 20, 'TEPAT WAKTU'),
('aftahpasha@gmail.com', 'Aftah Pasha', 12, 6, 2018, 10, 1, 10, 1, 'makan'),
('aftahpasha@gmail.com', 'Aftah Pasha', 12, 6, 2018, 10, 9, 10, 43, ''),
('aftahpasha@gmail.com', 'Aftah Pasha', 12, 6, 2018, 10, 44, 10, 44, 'blablabla'),
('aftahpasha@gmail.com', 'Aftah Pasha', 12, 6, 2018, 10, 45, 10, 45, ''),
('', '', 0, 0, 0, 0, 0, 0, 0, ''),
('', '', 0, 0, 0, 0, 0, 0, 0, ''),
('aftahpasha@gmail.com', 'Aftah Pasha', 12, 6, 2018, 11, 21, 11, 23, ''),
('aftahpasha@gmail.com', 'Aftah Pasha', 12, 6, 2018, 11, 44, 11, 44, ''),
('aftahpasha@gmail.com', 'Aftah Pasha', 12, 6, 2018, 11, 45, 11, 45, ''),
('aftahpasha@gmail.com', 'Aftah Pasha', 12, 6, 2018, 11, 46, 11, 46, ''),
('aftahpasha@gmail.com', 'Aftah Pasha', 12, 6, 2018, 11, 47, 11, 47, ''),
('aftahpasha@gmail.com', 'Aftah Pasha', 12, 6, 2018, 11, 50, 11, 50, ''),
('aftahpasha@gmail.com', 'Aftah Pasha', 12, 6, 2018, 11, 50, 11, 51, ''),
('aftahpasha@gmail.com', 'Aftah Pasha', 12, 6, 2018, 11, 52, 11, 52, ''),
('aftahpasha@gmail.com', 'Aftah Pasha', 12, 6, 2018, 11, 52, 11, 52, ''),
('aftahpasha@gmail.com', 'Aftah Pasha', 12, 6, 2018, 11, 53, 11, 53, ''),
('aftahpasha@gmail.com', 'Aftah Pasha', 12, 6, 2018, 11, 54, 11, 54, ''),
('aftahpasha@gmail.com', 'Aftah Pasha', 12, 6, 2018, 11, 55, 11, 55, ''),
('aftahpasha@gmail.com', 'Aftah Pasha', 12, 6, 2018, 13, 18, 13, 19, ''),
('aftahpasha@gmail.com', 'Aftah Pasha', 12, 6, 2018, 13, 20, 13, 20, ''),
('aftahpasha@gmail.com', 'Aftah Pasha', 12, 6, 2018, 13, 24, 13, 24, ''),
('cimenkbanok69@gmail.com', 'Cimenk Banok', 12, 6, 2018, 16, 31, 16, 32, 'Gfd'),
('cimenkbanok69@gmail.com', 'Cimenk Banok', 12, 6, 2018, 16, 40, 16, 40, ''),
('', '', 0, 0, 0, 0, 0, 0, 0, ''),
('cimenkbanok69@gmail.com', 'Cimenk Banok', 12, 6, 2018, 16, 41, 16, 41, 'Rvtvvtdvcr'),
('cimenkbanok69@gmail.com', 'Cimenk Banok', 12, 6, 2018, 16, 48, 16, 48, 'XjFkz'),
('cimenkbanok69@gmail.com', 'Cimenk Banok', 12, 6, 2018, 16, 49, 16, 50, 'Vkshf'),
('cimenkbanok69@gmail.com', 'Cimenk Banok', 12, 6, 2018, 16, 50, 16, 50, 'Fjf'),
('cimenkbanok69@gmail.com', 'Cimenk Banok', 12, 6, 2018, 16, 51, 16, 52, 'TEPAT WAKTU'),
('cimenkbanok69@gmail.com', 'Cimenk Banok', 12, 6, 2018, 16, 52, 16, 52, 'TEPAT WAKTU'),
('aftahpasha@gmail.com', 'Aftah Pasha', 12, 6, 2018, 16, 57, 16, 57, '');

--
-- Indexes for dumped tables
--

--
-- Indeks untuk tabel `hs_hr_employee`
--
ALTER TABLE `hs_hr_employee`
  ADD PRIMARY KEY (`emp_number`),
  ADD KEY `work_station` (`work_station`),
  ADD KEY `nation_code` (`nation_code`),
  ADD KEY `job_title_code` (`job_title_code`),
  ADD KEY `emp_status` (`emp_status`),
  ADD KEY `eeo_cat_code` (`eeo_cat_code`),
  ADD KEY `termination_id` (`termination_id`);

--
-- Indeks untuk tabel `ohrm_attendance_record`
--
ALTER TABLE `ohrm_attendance_record`
  ADD PRIMARY KEY (`id`),
  ADD KEY `emp_id_state` (`employee_id`,`state`),
  ADD KEY `emp_id_time` (`employee_id`,`punch_in_utc_time`,`punch_out_utc_time`);

--
-- AUTO_INCREMENT untuk tabel yang dibuang
--

--
-- AUTO_INCREMENT untuk tabel `ohrm_attendance_record`
--
ALTER TABLE `ohrm_attendance_record`
  MODIFY `id` bigint(20) NOT NULL AUTO_INCREMENT, AUTO_INCREMENT=435;
